,r,vobs
0,1.93449803498,326.312751298
1,1.77888728395,790.557801244
2,0.639212496082,98.5017754923
3,1.91195556185,843.491435288
4,2.85523337952,-482.815907669
5,4.38069568552,-48.2764272722
6,0.674856336988,147.988058847
7,3.97172051188,-710.283591843
8,1.83529120983,-189.213269598
9,4.07203753497,-467.054381849
10,0.9407806463,-1604.20753641
11,1.16676101019,108.940824746
12,1.664497392,-759.703072456
13,1.20686168304,1109.17836515
14,22.1749590473,330.097848278
15,1.22809612989,-162.226529286
16,1.23445905074,163.158783009
17,10.0367506076,408.491101154
18,1.06875687266,92.5674709812
19,3.1523311421,-188.289963479
20,8.39432748941,237.04033995
21,1.53464690088,415.856776434
22,2.75839969908,-4.51194187237
23,1.39069814981,-496.138634144
24,7.32442807682,-29.3337657713
25,2.59479445028,476.943263598
26,0.959491955572,-332.613722859
27,19.0261979166,97.2046218832
28,2.97065090009,-262.183515481
29,8.14381600484,-80.8431297618
30,0.307369828094,845.13951801
31,0.472205148644,-183.915745622
32,0.860265396603,826.786687997
33,0.258454541368,451.522886405
34,0.833101155194,-99.6098488124
35,2.03547044414,-54.2055485564
36,1.05685329187,-187.60359885
37,1.29741757507,-973.166908416
38,1.38521574385,-144.034323436
39,1.13699439187,-94.7880084313
40,1.26626175352,-59.7487464263
41,14.797212193,190.438080218
42,7.52621684585,-321.758394757
43,6.58345698963,181.35855906
44,1.60073172121,-45.3359450302
45,1.45659469103,-255.292046641
46,14.2184796247,-301.718517801
47,1.23513968865,94.5511682242
48,1.4169642369,674.435762334
49,0.969893543546,-100.691605324
50,1.58548578011,622.157653969
51,2.18314320912,-540.33100816
52,3.68651146527,221.625959894
53,0.250246417368,-112.038367392
54,2.71296656811,-127.290890601
55,0.917857425467,162.45817528
56,2.24798651533,257.938536733
57,1.07565804516,-710.943349395
58,1.83251342424,-572.929279304
59,1.71072886618,519.6264015
60,4.46277524429,-746.891567875
61,3.03461381656,459.919095279
62,1.12542168941,-606.084976311
63,2.31491980787,-69.6806257089
64,0.968626950517,-307.168503129
65,1.65161354862,-24.1170121076
66,5.38173048485,-670.865252504
67,1.03550055378,-76.0640912604
68,2.99423886514,372.201224647
69,1.55244514199,-66.7863438235
70,4.17195792155,-414.276538649
71,1.6673858671,95.3807132275
72,1.25071164462,-166.261026544
73,1.14762030488,-438.860838033
74,1.9757368662,221.410292968
75,0.787877480648,-671.320851202
76,4.14871154969,-559.269764923
77,1.40162199064,500.149744811
78,4.11424319362,-753.542156457
79,2.21441137291,-383.279089697
80,1.0825548283,159.100732725
81,1.23393481062,-141.7553383
82,2.25254483117,-151.415461321
83,5.01837397627,611.688607328
84,1.54518374285,494.083530797
85,1.10320337687,299.853402286
86,0.795231472988,-102.259405779
87,16.1544172239,19.0565534052
88,1.79560621649,60.3736344321
89,1.17427507271,-152.135641911
90,1.40111296899,520.107255199
91,7.13714651831,233.6103947
92,2.60359842105,-397.453306484
93,1.57665058947,282.718205188
94,1.11914052307,749.237191086
95,1.13914049801,-61.7437394176
96,7.72009323451,-13.45576726
97,2.28682083208,416.603997739
98,1.77849965039,-493.691441522
99,10.4001448877,-334.77738279
100,7.36023687814,-750.153319507
101,0.945133048688,-380.26937989
102,0.744210675751,-791.630659007
103,0.823777975502,529.354336516
104,1.10416780759,783.506270067
105,2.02904135703,-83.7684345729
106,0.794719882537,1203.56867436
107,1.29986283989,368.046996005
108,1.5650783906,237.892731373
109,2.47070029493,127.713136029
110,1.77688269781,-40.2153742468
111,1.66627589432,-374.831040208
112,10.036993481,-927.128509517
113,1.53831509377,230.344951578
114,0.881216567414,162.242690528
115,6.75577436999,-394.959739192
116,2.96528177824,-590.590996233
117,1.17910494853,-41.6307820574
118,19.4851244874,-528.233776449
119,1.0703553128,615.182709685
120,0.593595721455,-145.524016325
121,4.5429517146,-292.218143146
122,1.98804744881,-56.966355507
123,3.59583274171,-67.1198682931
124,1.66281928974,194.791193862
125,0.466452170531,-226.16333264
126,4.70586221288,311.814503249
127,1.460141235,-336.069353595
128,8.55198103321,-219.278326977
129,1.55784494355,-1270.59542736
130,1.35811597558,306.968737767
131,0.843139369825,125.23239136
132,1.28234608892,-98.8425678701
133,0.748487728017,-951.483672648
134,0.841844231515,66.9310545688
135,1.18183782315,-397.415960133
136,1.87749637902,-274.750072127
137,3.44324152129,-112.411582339
138,1.25300615914,18.1547961155
139,1.08272311151,-565.487279561
140,1.12846561475,-172.873623719
141,1.51302940467,-980.928115477
142,1.09440039802,516.166303063
143,22.5426898603,-49.047749946
144,1.34764521054,-312.567336051
145,4.11282073619,721.054513647
146,1.04659056026,-206.598011492
147,0.875656551579,-641.562268249
148,5.39518523721,206.623375384
149,1.00290534556,352.899110373
150,1.56812971695,864.020057362
151,3.39074806459,-630.08191462
152,1.69504749806,-1054.4070916
153,0.346362791978,-651.291329106
154,24.2418232679,-86.8556198714
155,1.13303515141,-901.406696723
156,1.12815395834,21.4525127511
157,2.91613698675,-120.557142495
158,2.16622454694,797.558246827
159,2.54070246074,-203.844161586
160,0.971127796716,1189.75268248
161,9.98561458299,357.220291443
162,2.27797939598,-599.760950892
163,4.5254285056,-510.811309166
164,162.792882337,162.478245003
165,2.16446034481,262.161593774
166,0.901695210922,-112.044937627
167,7.70857402055,176.765193499
168,1.29397537308,876.843783501
169,2.31126325117,-839.324617973
170,1.00262995589,-373.531331564
171,1.35473672207,174.938019621
172,3.87333372822,568.799612876
173,4.04944484957,-295.555230548
174,1.25449177426,388.398673713
175,3.14182652735,-193.493034712
176,4.25690723809,-102.925991871
177,6.08601102968,-392.86476261
178,2.7579836213,-502.289285906
179,0.744040458334,585.84420593
180,1.8677659632,-995.045829864
181,1.4171424518,475.88776128
182,1.81556026093,259.667617392
183,1.56448039835,153.107210962
184,5.93838080863,18.102828355
185,1.01813495096,165.360538472
186,2.25394453787,-133.252177456
187,1.08860351155,-564.737005088
188,0.418136694313,-1077.748081
189,1.67836724712,-436.05457831
190,1.22523026228,267.051290776
191,0.668653975828,286.341150171
192,0.566045446314,775.767731939
193,1.95831215133,408.62583068
194,1.56944231102,573.66009067
195,6.99554440076,151.117290271
196,1.45341569849,-570.136157086
197,1.03931538305,-166.631314214
198,1.09057228741,-455.526484696
199,1.08275831085,276.327639705
200,1.17142894065,-85.5502145911
201,0.473385097252,13.8763021747
202,2.77007236222,-602.462151352
203,0.369325898005,-265.895290248
204,1.10167282789,58.366988683
205,1.88732318074,417.580678465
206,2.68056297842,-158.404310501
207,121.171993728,-93.0810002524
208,1.49966525266,342.245155237
209,2.25356848131,432.187422127
210,2.12395844563,739.800805253
211,0.934589810838,50.2203987047
212,0.807153320756,-170.723523
213,4.40063150552,-334.922506687
214,2.06706743125,-304.012548764
215,4.14202028846,1301.74866566
216,9.67466123222,464.961716875
217,3.25483328911,-204.436223213
218,1.12140201306,216.050626944
219,2.74749341866,-242.379492744
220,1.53802694952,-326.475627964
221,3.35344984215,-912.639849504
222,7.17868943826,-88.012081892
223,1.36417529623,307.691568928
224,1.31958366691,-735.90080675
225,1.94446565887,293.449026216
226,3.02007598729,959.462279679
227,0.782301289801,-156.23087228
228,1.26164013536,364.166759689
229,7.45325183674,196.057850288
230,0.568078194054,-542.281907002
231,1.14446648334,-254.610358194
232,1.6333077291,472.633682484
233,1.33732332088,23.022825067
234,1.2219053428,-88.3489177121
235,1.46776662572,540.631157447
236,1.14634828743,-168.813653587
237,1.71453451589,503.41085381
238,1.31939370843,136.399682607
239,2.31058618403,46.4596855711
240,4.65711196631,97.3253368579
241,2.63756551177,1.47950806618
242,1.38591486352,-479.881315897
243,5.55692053199,143.290788978
244,2.67909224583,-23.6193591669
245,1.56356916336,-244.050024649
246,0.575425683656,414.740304925
247,2.61747179124,-21.0779851135
248,1.28404534279,42.3073923939
249,3.00744668171,606.207236703
250,1.65032022891,828.405928727
251,0.442089827007,-1095.00008625
252,21.938035827,-437.073516671
253,2.30054024836,1230.32394421
254,2.44784413947,438.748415907
255,1.439923315,-88.6732398712
256,1.00142707132,-496.313340355
257,0.267310333094,-211.967233808
258,3.35148079379,118.795627388
259,1.67982397612,-182.055022807
260,0.203782844455,338.76732212
261,2.11645870192,-44.5282135506
262,0.574717668133,232.905631121
263,1.21468353498,490.372868353
264,1.59826148372,153.877031066
265,0.714557972739,465.315173178
266,10.9051257717,156.36515663
267,3.96889543459,279.279944405
268,7.94911446888,-76.0840643208
269,0.917782950411,-614.201141991
270,1.36070994225,-182.694738339
271,1.22714404888,-472.494740126
272,0.847897851634,-388.873707936
273,1.78908173665,-411.587539715
274,1.46737460415,135.606580617
275,1.06062147505,-1044.33058224
276,1.65596380383,217.557979155
277,1.33416836418,33.5166256204
278,0.577048854154,23.4896647424
279,1.10055431191,154.018309963
280,10.3636464239,-282.015260624
281,1.47806718148,-120.706822893
282,2.71736867008,-248.331914587
283,1.34392936936,-370.147944087
284,14.1046121528,241.78971951
285,1.33787671749,-614.801381694
286,1.12857183006,351.970469356
287,14.5525491195,-38.025325257
288,7.41412949765,482.501903677
289,1.07956636659,-324.363439637
290,0.986553938808,-239.829597549
291,1.08373477313,-309.481897821
292,1.1681841145,-365.524466939
293,1.80932113475,18.1705433855
294,0.880909036819,777.752880196
295,0.289018378837,558.362146765
296,3.15129599327,233.664251903
297,1.73411419267,-84.6760233249
298,1.41413353844,533.707698088
299,7.98316564043,-293.567394517
300,2.4097896724,-412.025418136
301,1.0846389616,-1011.99662629
302,1.10275676747,-1302.84239562
303,2.80280529146,25.529902278
304,2.24300618515,90.1471946845
305,0.512154198082,-513.509581202
306,0.904776834005,903.292232296
307,0.792799599421,-388.705475994
308,8.09388770072,-127.388747638
309,1.90401081365,-360.210601089
310,3.02332342573,-313.619395733
311,4.95184255972,168.707931109
312,2.60834854418,-495.451692035
313,0.660639505473,-205.10556603
314,0.437244723005,-611.302536644
315,2.19170947005,-163.479351549
316,0.512199526043,228.657814062
317,2.220373684,-5.38481331145
318,1.74884600693,302.531144822
319,0.713518655924,-300.008717731
320,0.859322577212,-710.022563378
321,1.53556859934,-202.669065361
322,1.42860126085,-174.465884582
323,1.29938986712,-991.012839577
324,1.19093910071,548.295698733
325,11.6106137899,65.5552619222
326,1.46789549955,-371.928799742
327,1.5516969421,-306.842917273
328,1.14567363602,-33.2953860578
329,6.51277635371,-415.460778301
330,2.03788053709,221.017127399
331,1.43979774878,239.120876782
332,3.06271564589,-662.649609677
333,7.38940651562,159.220407048
334,4.03136936044,-725.743075081
335,1.06135066018,-343.950264097
336,0.946981162214,-99.8293485614
337,0.136883846045,-214.75591489
338,1.61722962293,69.7862611139
339,2.77278524182,757.397148726
340,1.33079258355,440.984510883
341,1.32090445048,9.30384510558
342,1.08743524549,-1187.9456623
343,1.20374759005,-348.61957037
344,0.0906141965927,-678.195985622
345,3.01550485693,-156.682803555
346,3.83644618097,-195.429554107
347,2.02805284059,394.724404833
348,1.0865845056,323.868046494
349,1.95945336377,-67.3034065728
350,1.17707821591,920.252964742
351,2.12215689882,152.533805722
352,1.0366474581,-1552.32227324
353,1.92543115516,16.9795432144
354,2.31185526477,-171.366788303
355,3.90543771596,-220.722760431
356,0.997743177711,-207.711521517
357,1.781540551,-358.904003301
358,1.49404475192,466.147748197
359,3.34091095494,-548.93370974
360,9.51553484792,559.683465635
361,1.39875390815,159.69096189
362,1.29345328282,-204.813429037
363,3.85547977837,134.645992963
364,1.2541566189,-335.450602694
365,1.1509743463,-877.821295458
366,2.20169644725,496.074135943
367,0.923292560079,710.854785229
368,1.21607745875,-123.100165654
369,1.43740643484,436.161752043
370,0.11572172314,410.21017201
371,1.86388012252,496.028195009
372,1.3353853871,453.101024625
373,4.67005810451,275.882212277
374,14.49734284,-362.676202293
375,1.81866447216,198.210311107
376,0.800178521841,692.944848298
377,11.1188387068,708.84942911
378,1.75627156806,387.293270675
379,3.42972601798,239.544900864
380,2.15256172094,50.4297010579
381,1.57260263838,357.011367367
382,12.9005889847,162.669063471
383,0.424109323799,-587.840005865
384,3.20534873414,343.803548353
385,1.59254280935,342.759375321
386,16.9952850511,-207.136823139
387,0.410531994118,-1046.65819464
388,0.696577531544,-715.042099953
389,1.03030021929,476.968849677
390,1.61069280123,928.789035212
391,16.7074714462,-605.918911767
392,1.23564203632,6.49258362502
393,6.18762129561,-228.45520866
394,0.34404302487,29.5993903072
395,3.74041772733,-19.1034275254
396,2.01676609069,-580.473152274
397,1.18412047555,434.56267876
398,0.573673167843,472.329430925
399,1.08448408183,1293.19902423
400,1.05460803334,111.07144706
401,0.77081525328,-366.379217543
402,2.36272842732,-923.178775674
403,1.23586003693,-231.805416588
404,65.577060536,23.0967323624
405,0.748062313943,143.97313264
406,1.61944649688,-175.42422288
407,1.08472224958,-173.281089439
408,1.81492285191,20.4739771829
409,4.2431042384,773.568642725
410,1.07433087194,186.319013891
411,1.28744075664,1837.15530273
412,1.44335021764,219.33225231
413,1.87277707276,-10.1465089987
414,3.02751003826,48.8751124327
415,6.37380200351,185.663981974
416,1.54883978308,74.8894353892
417,2.06311753685,-11.6020410688
418,1.11355398756,532.7943138
419,1.87513676246,299.374553055
420,0.789098644769,-32.1491892226
421,4.64916383731,25.4201566603
422,0.955407394518,-901.441798231
423,2.05452129585,-79.0414489274
424,3.61123418759,-360.044561407
425,2.34032948715,53.9148772315
426,1.42791788157,606.93910386
427,2.85452278188,197.274191328
428,8.25263062679,-178.783162986
429,4.49224164075,40.4696094008
430,1.47287269115,-638.945149292
431,1.10649111301,-16.1993011365
432,0.821055829228,42.954514555
433,6.37453904811,191.050048268
434,1.32319246805,-3.80499754118
435,2.36688187759,368.22222397
436,18.0476139184,-451.327910197
437,1.39870962599,-976.609977341
438,1.25785031582,-264.525774094
439,14.4458538251,46.0357098824
440,1.29426712247,1474.44914914
441,20.3794662836,310.145651107
442,0.950568201371,578.487375624
443,1.34979123894,690.271000399
444,1.20386512418,127.778700064
445,1.53640385903,-356.345822694
446,1.78655348859,79.3304496968
447,0.97423461768,658.120684238
448,8.61363112164,-464.575096077
449,1.06347043554,-43.8774178906
450,0.41170744775,-200.592359684
451,2.61206250394,-84.1330685018
452,2.02890438315,374.048478985
453,5.74890524465,25.1910011779
454,1.68246934338,137.054943761
455,0.9015112208,108.885695181
456,12.8114638118,272.41595228
457,5.84132444798,277.103803421
458,1.97451941968,-203.424711123
459,4.36723673893,106.806499869
460,1.75465497888,-723.564840521
461,0.525175541989,-336.529395229
462,1.20119637842,282.306178636
463,0.505179706631,-668.85790848
464,2.09396524812,656.780771424
465,1.49699791359,442.102816653
466,1.39646754121,310.556784544
467,5.80853534278,-49.9812225345
468,1.90979774507,-410.87116839
469,2.43305529308,6.78975566117
470,3.81466240468,-582.386993217
471,1.22462680026,-291.326609182
472,10.03192194,263.959605448
473,1.05799297331,689.01781203
474,2.15735024054,-312.146807109
475,1.62165786115,278.469518138
476,0.975588574613,126.161481853
477,0.485010481554,608.359001595
478,2.28866263891,-75.1177344687
479,1.21046722068,-59.2980031484
480,19.4134901442,362.792450925
481,0.484624898227,313.937247554
482,7.30834947751,-233.216912231
483,0.178645905578,-504.499603815
484,1.72587806487,-681.392760298
485,0.383254106159,119.597953214
486,1.19636344703,264.325360462
487,1.25262106729,-1304.57996803
488,1.78550173432,-313.256126064
489,4.80888809957,-391.500179409
490,2.55027018087,-689.73584355
491,1.69611916667,-101.736731028
492,3.38825292466,-406.736291323
493,0.631102782292,-121.590932629
494,3.08400440709,1087.20074068
495,1.46936019584,-2.78961813364
496,1.36817379378,-425.695322202
497,1.4952842961,179.76667058
498,2.15538509392,-431.958607422
499,2.86036135696,-308.397309811
500,1.7002695681,-779.364267178
501,19.6313462087,-845.346546848
502,2.19861885549,361.659138142
503,4.24395446485,-505.906538338
504,5.14837329915,80.6073231461
505,1.02083399869,1210.17638074
506,1.60355508385,598.407021632
507,1.76888161008,-448.831098727
508,1.29327135791,-15.0695207074
509,35.0462989761,628.59719173
510,1.22307458384,725.769483422
511,2.06456084419,613.15465611
512,2.2418405229,-104.500519913
513,0.755511839893,340.520740781
514,1.05778107922,-584.822678477
515,5.48465137629,219.632900758
516,0.475103759357,-465.034409879
517,1.43201449626,-444.645669799
518,1.06914877898,205.6334179
519,0.419890486072,461.110203704
520,7.90976596026,95.69521197
521,1.07548685912,807.62513505
522,4.54724002714,-92.0631373027
523,18.386052434,624.204709175
524,3.8974228333,181.385306998
525,1.1989616823,-255.302410254
526,1.54850591367,-850.068489369
527,2.31495193861,345.975200644
528,0.85287610488,-365.423002972
529,4.82499708349,-458.440117684
530,4.61080660538,1144.03679538
531,4.69639038544,168.847485244
532,15.0546616862,-230.820958039
533,1.39445353442,537.482802689
534,1.83426644328,-284.900293631
535,3.00592173948,34.1043019004
536,10.567077041,-249.276677008
537,1.1297746081,261.156949417
538,1.35543905708,678.282338619
539,1.49977251408,-123.255852056
540,3.0327282239,-101.174160704
541,0.852741724352,-131.056693783
542,1.58040323005,922.548342134
543,1.33644815285,-201.738670212
544,0.225961717311,877.612058897
545,1.03705045051,1840.91445673
546,47.8263439901,-294.725879048
547,1.81302435174,456.133717236
548,6.15046926475,-529.656348229
549,0.94773300802,825.407281337
550,0.983770307839,709.87916974
551,1.23468015565,460.909596876
552,1.09684705348,-516.194013699
553,1.105202149,-450.582001626
554,1.19455851435,-331.759928683
555,1.51158478966,489.542662851
556,2.41417318922,-158.817252674
557,2.33856567708,443.235333533
558,1.80649704944,-363.054596609
559,1.15342669225,-661.366430366
560,13.6808826386,105.355082525
561,1.48541202832,-401.178176664
562,6.94159179252,-254.763303688
563,3.65872076418,-594.610868708
564,2.44615096274,-314.536042381
565,25.1207907572,465.274714479
566,1.00756303133,256.192475054
567,0.732786940166,1315.94903543
568,1.05806744912,199.048833351
569,1.95244229272,-637.380052047
570,0.772395751112,-890.487483512
571,2.46053513293,362.027462879
572,1.59865417717,-5.94536513193
573,0.620445289382,-345.4837481
574,9.38067567365,180.96926692
575,3.79790030807,128.053857669
576,0.95830257799,-416.334213887
577,7.43640629164,-29.9818187611
578,4.7867605911,-278.430923629
579,0.965442270993,679.932547085
580,2.7347570547,-650.166147912
581,6.86776705109,563.534133846
582,0.798860821798,-338.503074631
583,1.51034575159,745.362090551
584,1.16866368311,-995.322377728
585,1.74052837089,-507.668519977
586,0.954152125465,308.654124438
587,0.880461724247,-34.9482777672
588,2.92398814355,-825.376110204
589,0.80063280589,110.85140684
590,1.67195297265,-1362.472739
591,2.66817289146,1435.49494333
592,6.52051508017,-136.654022151
593,0.660147550003,-952.891022485
594,1.08202556025,-480.780056008
595,4.74856380744,-985.429327559
596,13.995793509,242.976856908
597,3.77865569574,-1151.2268164
598,5.52687600414,-317.209704093
599,0.931998714317,-397.900534878
600,0.732500458468,-175.191069454
601,1.01118991186,-206.752366166
602,1.18384315446,221.734177783
603,0.657822289556,-70.1212881042
604,4.76810194188,409.464175887
605,1.19002880585,159.627185322
606,1.4125489948,59.239936176
607,3.38962218994,-697.606801402
608,1.09300171172,-288.947763579
609,2.23178292413,215.775922359
610,1.31254376562,107.564159564
611,0.705608047347,-931.430667404
612,11.897159385,-590.333820789
613,0.904047444119,357.500102367
614,6.55310558929,755.92751303
615,1.48834895999,-347.217573637
616,5.48793656209,281.695251097
617,2.32207524275,55.4149262976
618,6.75397913938,-163.134900719
619,1.32150010054,-593.646030073
620,0.898038944727,-416.916844482
621,2.03054666946,-191.357065294
622,0.46012058418,-908.22061619
623,1.15349989017,1081.95851711
624,5.60285913358,221.674707268
625,2.43397632603,125.883275099
626,2.89395711146,755.077317742
627,2.4173497181,-476.876843816
628,1.93134118865,97.5800373339
629,1.22820259755,-149.702938461
630,5.22240316851,732.59913661
631,1.47572427062,327.698736351
632,2.35914738194,-8.82924017143
633,1.07845526776,624.87853479
634,0.422351282271,-622.799218958
635,0.442670140771,-148.680388113
636,1.41160102075,387.507857872
637,2.25965418033,-391.413577381
638,1.08687009437,802.562607855
639,21.104322853,-522.190443516
640,330.02530768,-158.443816613
641,0.853343935433,-62.1967124686
642,1.13703788414,605.353631721
643,0.509081665883,41.2157787671
644,2.38542038068,-257.395053686
645,1.47858797939,84.700366941
646,3.1345798239,-296.81597358
647,3.0449623931,465.482997638
648,0.916748820907,-173.661269191
649,0.913790604402,745.857518809
650,2.0247974467,424.054057802
651,9.11634687545,643.839360435
652,1.12395497994,47.2314269787
653,1.19251577821,-365.135270438
654,1.00809356836,-136.84246855
655,1.40459206029,616.351551991
656,2.54955956935,500.080482694
657,1.02874897487,-879.565441503
658,1.36404955115,11.1238502612
659,1.50643899287,-133.811012593
660,1.05926760559,209.808157021
661,0.673172945572,504.404321831
662,1.03331764929,-100.271136128
663,1.44118000909,-35.9914184089
664,2.56613884339,-26.274658873
665,2.45121870123,18.379117591
666,0.6870426984,-105.634146362
667,4.64594721591,150.955666082
668,2.64069146898,460.656101187
669,3.05721663718,-841.32869894
670,1.0525465767,20.9767173309
671,1.95509331742,203.757874611
672,3.65175224541,31.0600078839
673,1.12056912547,1075.40817651
674,8.31524909043,737.860092286
675,9.13226874981,210.050637264
676,1.58680050332,67.066097799
677,1.75435892681,-644.25248378
678,11.6427532779,50.6178581611
679,0.463898459186,1233.73077614
680,0.916924519837,-343.171472112
681,2.41981564361,341.355611272
682,3.38004383974,253.786892486
683,0.88278217003,113.972937951
684,7.99573690015,502.597350375
685,1.68850892416,-296.929188934
686,0.920780229757,-540.041740522
687,1.0902704043,-703.398474559
688,1.01879025379,-105.571977569
689,1.8374006056,-539.955709651
690,8.82136157162,403.617561351
691,1.08909363586,462.549494199
692,4.42657448366,269.228535896
693,1.39762593704,-261.324291871
694,0.573850921954,107.418548557
695,1.94330621647,-69.4376727585
696,1.36681713517,429.575291532
697,0.938523419665,629.867024074
698,0.702335502532,121.940804694
699,7.495705872,211.814064456
700,16.1947554695,-154.754311939
701,5.01984231114,-337.480626419
702,25.4302498416,254.756206746
703,1.31613429508,119.362350469
704,1.0978701859,-488.334329587
705,1.30283314888,410.872680514
706,2.06511419452,614.5345386
707,0.232139797122,-132.992928035
708,1.56527648903,-398.849228057
709,2.08603595613,425.312675532
710,0.939010773931,50.8126597359
711,1.03867747112,48.4088350841
712,1.27721124727,541.644627755
713,0.792513340554,-989.512235761
714,0.873669929744,11.2750048964
715,1.04857819636,-121.928685139
716,1.65746930035,563.389775813
717,1.34015900714,-716.235092379
718,1.65683073781,-581.495630332
719,36.1515613213,-145.574632361
720,2.70006192488,-556.327084395
721,1.0786623763,270.42795934
722,11.248817082,-127.499467509
723,126.805867226,28.7641826014
724,1.6142386137,1109.38313405
725,0.745802781399,-280.626207509
726,0.786717844328,513.996017792
727,1.20175220485,41.7833225691
728,1.21921216091,-287.358013088
729,0.461261652986,586.655508383
730,0.548519462443,-11.4747384665
731,1.37453364439,-110.582602934
732,1.67464645853,-428.104919943
733,1.12648480989,286.64178333
734,0.485097273184,-231.338370023
735,4.03252245449,-9.97299371934
736,6.75041164842,-423.99822708
737,50.8461393283,10.3792370558
738,6.37396590846,-341.467015994
739,1.02248276483,44.7789053429
740,20.1159622286,-145.736948046
741,0.79075774231,314.410125852
742,1.84116851142,-367.762613447
743,0.584100531651,264.470310167
744,0.223817902384,-228.947814107
745,1.75017461163,223.1719232
746,0.257238138823,-619.308575557
747,0.539002848958,424.691458061
748,1.08884679883,-633.650946488
749,10.0981535361,-221.014441951
750,18.51576607,211.44609458
751,0.938138609443,715.735618427
752,1.55612805273,-32.9587528872
753,1.79075267476,-575.120104535
754,2.43416187832,-493.066071069
755,1.94837216538,-204.20980962
756,1.57030491318,441.105106115
757,1.37414162258,-219.449172574
758,0.461902865761,-417.662395924
759,1.03630558512,-490.884344931
760,4.64503148559,187.919253458
761,0.840805599205,-4.22986645239
762,3.70177424079,-84.3959481401
763,1.02926007084,-456.243246286
764,1.29006127715,-583.699066007
765,1.18064562465,-545.214298835
766,1.25483702057,-174.210339272
767,2.14718936035,261.087242815
768,1.13750045621,-745.156037018
769,2.10506192206,507.773456778
770,0.855533508394,56.4654029099
771,1.02961124107,-494.974888078
772,3.40470689605,-589.897329655
773,0.321703502991,-3.77790416256
774,1.265326582,-692.869780642
775,1.54017376375,20.382589294
776,1.39703502962,79.2836032121
777,1.05197406897,-219.202018691
778,1.6711829034,-294.544907036
779,2.27114144894,-262.080102094
780,0.758259728467,-129.827658944
781,1.6007553785,-135.525369833
782,0.809145102753,627.569341332
783,13.364810566,206.151772096
784,0.503390853133,-691.409124905
785,2.18624325117,254.789114347
786,3.1484770043,59.4947302158
787,1.06895713685,704.884930858
788,0.653502958038,-671.215602512
789,0.882316300475,810.24061493
790,0.760731986111,-480.266973747
791,3.34743283719,211.073358651
792,3.04597888877,-255.245071775
793,1.05202041056,-229.660097751
794,364.633537983,37.012347755
795,2.07971383624,210.181284687
796,1.77804089024,279.877229752
797,0.337403307536,905.450244855
798,1.21793100731,-282.984248181
799,2.13602794648,-225.262355068
800,2.29536114585,121.031265938
801,1.43825757188,-363.412053537
802,1.05230412024,-125.337693048
803,201.849827348,-32.2858355845
804,0.915700214994,315.654590697
805,5.2119346626,225.008463156
806,26.505455756,-74.6201195556
807,1.33452782348,403.150397738
808,12.4795360006,-387.33058986
809,1.08400048835,931.963302183
810,1.22760147227,-536.709448808
811,1.16508557626,173.439965398
812,0.929615938376,-1249.5716221
813,10.3352216336,56.604051376
814,1.00545028972,-17.4355201074
815,1.57732995562,-19.2143879581
816,1.06165408258,-547.43728463
817,6.18226050588,329.676713992
818,0.93119814568,116.635589835
819,0.916377369254,-282.10524583
820,1.47108385468,198.390040402
821,0.704729431489,-342.157186223
822,55.5078947166,24.6270808217
823,2.64110765453,-490.218033535
824,1.10769213936,-487.284306097
825,10.2007049229,296.645446637
826,2.44247483093,435.954611506
827,1.54322569148,-619.86581261
828,2.968319976,47.9447201311
829,7.1389642716,-182.553026351
830,0.875866443935,854.287039082
831,0.978154542875,-59.1708791713
832,10.3363364371,615.847813362
833,1.51165229107,-260.117482709
834,1.1845670176,1037.49578187
835,1.869177638,706.18901779
836,0.955535553858,-305.202602603
837,2.89213837158,-138.359171466
838,1.16450056697,-998.858767249
839,1.5760607095,-492.859356722
840,1.20029723912,-491.662897802
841,2.15989326847,408.997525005
842,1.16671065653,-199.265856183
843,6.31253838385,-14.0134131308
844,1.01127726758,1077.01790682
845,1.01546302,113.059138464
846,2.05044156506,-375.292217735
847,2.9274845973,-238.719150253
848,1.09751664954,526.659990285
849,72.962624377,249.610513902
850,6.25484203415,-232.767450793
851,1.3671136658,237.277757043
852,1.22710750627,-202.172380987
853,2.73805335507,-451.933715083
854,0.91335697024,-584.148953767
855,0.310298002471,-668.504021356
856,1.0130458217,266.300401143
857,0.944163552759,-307.503292704
858,2.83439919328,267.406028013
859,0.872225065613,489.677697278
860,0.926942300596,1189.70307743
861,1.60682688784,533.530012706
862,1.4306507456,130.288806029
863,0.879847604667,171.212194267
864,0.942830987451,-413.286274006
865,1.16236430917,700.654912064
866,3.9455004879,-529.078178245
867,2.0645250971,-375.125873032
868,1.64199105203,-210.363368414
869,9.28749074628,187.051736475
870,3.73461650644,-539.438766787
871,1.35557364088,1021.81209514
872,1.33323698506,-100.265252655
873,1.51009954742,88.482376353
874,0.300873855906,396.657763052
875,1.06271652162,-577.842847305
876,3.20210195459,-145.119630877
877,1.17176557359,-122.998863856
878,1.85589799575,191.317741565
879,4.35955301857,-401.923567494
880,1.56774938511,-169.052220773
881,2.05600906897,351.875433687
882,1.18487224846,280.481136615
883,0.806116766058,-30.1016775089
884,12.7682431328,-126.662577932
885,0.179761940683,-873.409789068
886,0.30856344405,-504.501140573
887,2.58679493967,-301.488300148
888,1.61698551286,-473.470500954
889,1.07883110392,0.124464358129
890,1.25168664163,-518.004077024
891,4.16392352688,23.5814792358
892,1.22089961455,492.049514908
893,0.411222126663,624.076229567
894,1.34968326507,-4.05646800211
895,1.12350283979,752.138351347
896,0.981918147548,547.110388276
897,0.433019560766,591.01925032
898,13.964392291,-585.30263618
899,1.29982116255,-476.58330793
900,1.00064781826,497.340258495
901,3.6881297695,-123.461979431
902,0.724332715404,123.795325572
903,1.69636141286,123.432486426
904,2.38577284101,-344.895088994
905,22.6307475642,-84.6863817609
906,1.12128118244,598.050769857
907,0.233264427503,-252.717889005
908,1.86233651172,210.517037157
909,5.45613885167,-184.220390419
910,0.958764630086,43.8825662236
911,1.11155284466,675.142571318
912,1.95894771274,-49.8210729419
913,2.61809448859,190.758228835
914,3.27116226883,-496.590804186
915,1.2539569308,-105.181494281
916,1.15963970614,88.6600022914
917,1.49508250958,77.0718586953
918,3.34381620594,-384.545714361
919,3.56074263848,69.8239880123
920,0.933114600397,-580.780428401
921,1.99459545689,-228.581217553
922,2.63595283149,-494.680830309
923,4.69862428028,244.901176069
924,0.942549086403,275.732453478
925,0.729614090661,-72.3832035012
926,3.34049076808,-120.951657182
927,1.94733509571,675.098071343
928,0.981511302363,-178.714343796
929,9.61901132476,343.204154394
930,3.48664581675,359.186549693
931,1.31068174161,-554.458997502
932,1.41071162749,-897.273224583
933,1.27362391865,-158.698161804
934,3.57506734899,68.2445066566
935,3.09763033322,-304.348692436
936,1.01222674522,-240.919243559
937,0.590024744158,498.501477801
938,23.7876118425,-83.1711265869
939,1.13452579238,-135.568724778
940,0.431249672195,-647.234759934
941,1.18400432354,-729.381998402
942,2.63350063129,334.618406583
943,2.10692498109,417.97546953
944,1.61147113593,311.178816322
945,3.55103580512,-36.5742860149
946,0.490319640215,69.9377905804
947,1.83503833184,199.251331505
948,2.59907903571,-515.7063051
949,0.939942673604,621.143444581
950,2.32047380349,1254.27686072
951,1.45723982228,-545.760976232
952,2.06471957519,195.63384866
953,1.04536387763,-164.835579274
954,1.02723007947,-457.639881552
955,7.53053197315,0.483060369269
956,4.24353125554,1153.4539442
957,1.05423898205,-291.783479425
958,1.52125580926,267.617162145
959,6.00931477777,-306.894791798
960,0.518832012417,655.278043416
961,2.68992341397,85.2938340453
962,5.945579076,159.185023508
963,1.24461626212,280.727244754
964,0.957900068103,828.03857523
965,8.34640062869,73.5927684049
966,5.78808483472,178.87213365
967,1.97818005275,-667.219818702
968,0.50733580119,-1096.85470793
969,18.5415155282,-241.972394388
970,0.335026189146,-1096.04147881
971,1.19367086027,365.774370168
972,1.38295647449,-223.823323625
973,0.859211065592,545.577703771
974,1.15156456588,67.6896696203
975,0.868813604984,318.950598465
976,0.533699914569,371.914203911
977,1.26884092817,-990.744128832
978,4.02219296471,57.7011418869
979,1.0718142345,784.895362081
980,1.73361382879,219.565158435
981,23.6237234472,-368.971643193
982,1.95663596352,-206.435475332
983,0.728269827768,171.137653767
984,4.3283729415,-669.22389296
985,0.729354647364,139.415941093
986,8.10563831921,-479.546916785
987,3.56624845268,371.340224389
988,1.10805884842,-703.588821541
989,7.17657506728,530.642266302
990,0.897719175666,299.030532143
991,1.69720591071,-210.432397798
992,3.17015955059,-539.690369317
993,1.71953397283,-47.4449646388
994,1.56112552021,-313.962635797
995,1.20573876736,259.512167759
996,0.764089006885,-485.232984488
997,1.08269830138,492.04612443
998,0.807656450922,-230.534425111
