,0,1,2,3,4
0,0.0,-0.000896910117673,-0.0017335772165,-0.00126673567231,734.859807887
1,0.0,-0.00503726954327,0.00307960592949,0.0072743054074,-2751.86623789
2,0.0,-0.00101037932826,0.00753143113381,0.00521161912136,-870.732161053
3,0.0,0.000339729304981,-0.0034089205507,0.00797419306953,-46.5716477308
4,0.0,0.00488613859807,0.000647796051889,-0.00857216645894,282.846633809
5,0.0,0.00693198718754,0.00112347890087,0.00498865789176,2205.99857135
6,0.0,-0.00366351710385,0.00463650429007,-0.000999199554298,-17.5769930648
7,0.0,0.00652308934921,-0.00267476587543,0.00322836658615,636.59962211
8,0.0,-0.00107614358401,-0.00342422747076,-0.00756292848853,-512.384266714
9,0.0,-0.0088321616886,0.00416976261595,0.00132319632392,-492.656193511
10,0.0,-0.00181156021832,0.00246563542078,0.00171378330621,-982.183447174
11,0.0,0.00709118663735,0.00289990131741,0.000914245627427,-1509.3913267
12,0.0,-0.00692847816844,-0.00479371713684,-0.00514797413478,856.716347417
13,0.0,0.00187971288618,-0.00547519553874,0.00626553862071,3824.41784415
14,0.0,0.00455081591362,-0.00431510584228,-0.00385537970321,-224.154893815
15,0.0,-0.00640557442659,0.0041418338123,0.00506139820217,-1740.44506393
16,0.0,0.00268537364955,-0.00185029713905,-0.00854943613258,329.484235265
17,0.0,-0.000972369209875,0.000353179295883,-0.001861243679,-2990.31839468
18,0.0,0.00575766837847,0.00538976879319,-0.000149206716499,-510.709366882
19,1.0,-0.0130553826763,-2.41119848475e-05,-0.0094510908601,271.271677187
20,1.0,-0.0164889597462,0.00245272526294,0.00216775536435,-476.446475439
21,1.0,-0.0151679990262,0.00338766531001,-0.000267923978344,1186.71889596
22,1.0,0.00509888171426,0.0121902785993,0.00642873849615,478.364764424
23,1.0,0.0123232909697,-0.00178654553149,0.0119966030038,157.997497147
24,1.0,0.00854048328148,-0.000529221047151,-0.00764097122286,1789.19675056
25,1.0,0.011864932396,0.00893986025479,0.00711950465223,285.842300768
26,1.0,-0.00691721164187,0.00350824419546,-0.0171081154015,4572.6198808
27,1.0,0.0170462030785,-0.00311703604695,-0.00517958851419,-538.693126391
28,1.0,-0.0159097109151,0.00602407994196,0.00432094639737,-468.258214168
29,1.0,-0.0133695466521,0.0126006468352,0.00337538614978,182.203974444
30,1.0,-0.00145550794668,0.0188928629776,0.00556111922399,402.179505133
31,1.0,-0.0118000917468,0.00741356588635,8.51838468465e-05,-1.03864059676
32,1.0,0.00915737489099,-0.0130696567635,-0.00874571285379,1223.42444452
33,1.0,-0.00375138852134,-0.00390181983551,0.0188426810538,2686.60294068
34,1.0,-0.00183680430203,0.011449571811,0.0128681310005,194.265923617
35,1.0,-0.00237847863653,0.00873915979954,-0.0119880008101,601.196580147
36,1.0,-0.0134478048736,-0.000820301696852,0.00230975387074,125.212106321
37,1.0,-0.00446827147202,-0.00484935894549,0.0180809570836,-729.088249069
38,2.0,-0.00885181982506,0.00750950542521,0.0343961866126,-507.760487209
39,2.0,0.023007779525,0.029516338521,0.0134479434992,-271.492880044
40,2.0,0.00662975880124,0.00673873929677,-0.0179528281735,-516.747661857
41,2.0,0.00479665211492,0.0332617836822,-0.0203478250787,-2818.03790382
42,2.0,0.0110286191861,0.00702734292132,0.0357101131901,-1390.04650859
43,2.0,-0.00398725800519,0.0373082301934,0.0111871763977,-60.3893280614
44,2.0,0.014117775184,0.0166299337513,0.0296209680543,-505.666827445
45,2.0,-0.0211885639147,-0.0109265326563,0.00120335257796,908.607882909
46,2.0,0.0161391859675,-0.0134256169319,-0.000870170381082,-216.005226524
47,2.0,0.0193200018929,0.0234619994235,-0.0208626303269,-61.767739719
48,2.0,-0.0197595640694,0.0315140786502,-0.000168464294194,-753.696198272
49,2.0,0.0304467917219,-0.0134002683475,0.00836849912638,108.783138108
50,2.0,0.0351951695742,-0.0039727798732,-0.0181731037575,-94.7101412308
51,2.0,0.0182074308328,0.00681700983015,0.0201220897256,-1276.61412829
52,2.0,0.032944917171,0.0118033221306,0.0143018473017,93.9780998156
53,2.0,-0.0346456782817,0.0018549272145,0.00126576988018,-818.619822537
54,2.0,-0.000630413363157,0.0351553690089,-0.012153937857,-998.132505615
55,2.0,-0.0202317005959,0.0122840730778,0.0099345183267,105.764362484
56,2.0,0.00353493000332,-0.0218594060087,0.0271573146871,798.494655344
57,2.0,-0.0228527577171,0.00335042279307,-0.0281664285195,-254.987499529
58,2.0,0.0199145275593,0.00875866571717,0.0228089920712,1876.17161342
59,2.0,-0.00328325187099,-0.00689753611489,0.0230271919738,-384.250006072
60,2.0,0.00226329806454,-0.00413472068529,0.0293957729725,-343.172755338
61,2.0,0.0288265077286,0.000619146962882,0.00134386391645,-32.8922426542
62,2.0,0.02749053411,0.00254689926364,-0.01409044124,1143.71639798
63,2.0,0.0198347182557,-0.024066017278,0.00331508102306,242.472644434
64,2.0,0.00912120989202,0.0262167613491,-0.018217658052,-543.867589334
65,2.0,0.000493492582171,-0.0276982472835,-0.0169527404684,-470.527927538
66,2.0,0.0288894580483,-0.00584600684348,0.00589547259936,-482.446591676
67,2.0,-0.00179990211038,0.0260529267521,0.00134265735407,2013.61535253
68,2.0,0.012359618977,0.0158341660547,0.0251603852947,319.191274241
69,2.0,-0.00601131801373,0.0314283725423,0.00189110664185,-130.864345029
70,2.0,-0.0351063723633,-0.00422851863764,-0.0095970766461,-372.002056534
71,2.0,0.0367768877116,0.00180023135393,0.00873575886303,-894.458420713
72,2.0,-0.00118512747232,-0.00716891781324,-0.0316643917067,-640.207201907
73,2.0,0.0222785776881,0.028679887455,0.00107778768546,27.9771422195
74,3.0,0.00382655284085,-0.056704982354,0.00180931908936,-1166.84722781
75,3.0,0.0310242040048,0.0259024090349,0.0566180954128,-400.945401243
76,3.0,-0.0551332908469,0.0457937110602,0.033957693536,-218.548358215
77,3.0,-0.0368808655265,-0.045224882587,0.00105151095148,-99.926304128
78,3.0,-0.0315784748534,-0.0267801177653,-0.0382650261919,385.474038736
79,3.0,-0.0190817023982,-0.018444475188,-0.0599336040382,-704.135202481
80,3.0,-0.0345039455396,0.0455436970659,-0.0398496866646,-1487.50176704
81,3.0,0.0203021109123,0.015740806975,0.0504684562858,117.503166245
82,3.0,0.0187893201281,-0.00479099185226,-0.0544153882521,113.211011051
83,3.0,-0.033245089287,0.0542769259228,-0.0332804122521,-1743.39813558
84,3.0,0.0284617711002,-0.0535201767934,0.0315153163241,839.226927935
85,3.0,0.00735823456625,0.0037318907566,0.0746028759088,676.575841528
86,3.0,0.0683080728925,-0.00846085528668,-0.0157375478594,-35.8416292696
87,3.0,0.0538977171782,-0.00415784505385,-0.0301864038352,-168.027795032
88,3.0,-0.0655634930849,-0.0242459412186,0.0275481351133,719.489438207
89,3.0,0.0496823146877,0.017290991574,-0.0568233456157,1633.58453278
90,3.0,-0.0258041098823,-0.00392497954126,0.0375886397945,363.909789572
91,3.0,0.0191255232806,0.0545514852848,0.000107054057885,2.91602731655
92,3.0,0.0426921464652,-0.0588306208892,-0.0128925568866,-1513.24060597
93,3.0,-0.0474277644451,-0.00793051909777,0.0433028235758,-64.2781055273
94,3.0,0.0468274063181,-0.0171044008443,-0.000993062147112,118.603044001
95,3.0,-0.00714604822345,0.00855116109616,0.0720894605095,585.217204795
96,3.0,0.0381233505326,0.0611602977469,-0.0273003224575,882.17260661
97,3.0,0.0309104682649,-0.0444891507411,0.0309313208938,-615.780580504
98,3.0,0.0717797019862,0.0267891365182,0.0041341437181,98.322786183
99,3.0,-0.0207299786067,-0.0597582244641,0.00818018373093,2358.95945059
100,3.0,-0.0461099316855,-0.00607463198217,-0.00408204081554,-513.562117438
101,3.0,0.055280075682,-0.0225108427251,0.0504519062687,87.8308834803
102,3.0,0.0500977943932,0.0407311041134,-0.0195205473805,-243.004914995
103,3.0,0.0483908249793,-0.03431070958,0.000727005280086,-187.421357777
104,3.0,-0.0588723307462,-0.00913586168964,-0.00793583145085,-774.926651281
105,3.0,0.0402867033112,0.0261029725587,-0.00835105042139,174.347901823
106,3.0,-0.0228065763372,-0.0670575348781,-0.0215252774409,97.904724157
107,3.0,0.0653143741,0.021627985015,-0.0141198440651,-1180.20374375
108,3.0,0.0594590867721,0.0345368726959,-0.0140353774497,-972.499710116
109,3.0,-0.0274329168904,-0.0496239295889,0.0249150299951,-111.569368378
110,3.0,-0.0674139507824,0.00520992413905,0.0260371644062,364.653462728
111,3.0,0.000479134165325,-0.0164438913994,0.0609283747803,232.87527466
112,3.0,-0.00626274605599,0.0698531283891,0.0317433259039,-73.8070571477
113,3.0,0.0309767295228,-0.035610687822,-0.0562778383668,-1273.05222454
114,3.0,0.052676331596,0.0362886937297,-0.00183891884558,69.8521311775
115,3.0,-0.0238470275089,0.0660079639937,0.0136369673358,620.105895218
116,3.0,-0.0309689919504,-0.0333856803252,0.0242102561881,-2428.20580493
117,3.0,0.0313145241824,-0.0503703167932,-0.00321185235208,357.776302405
118,3.0,-0.0351872080738,0.0317052981067,0.0486628057502,1251.82696497
119,3.0,-0.010611696072,-0.0395299378922,0.00813369616241,-1638.02484466
120,3.0,0.0090590906212,-0.0695686768372,0.015799940384,1898.16088369
121,3.0,-0.0216773860101,-0.0623806661654,0.0430410304291,-1.07767353451
122,3.0,-0.0253704880141,-0.00800751794797,-0.0622083233292,145.823173878
123,3.0,-0.0326438299246,0.0289970010637,0.0276195777767,-2254.6007454
124,3.0,-0.0747544815969,-0.0110700314795,-0.0192092106727,-995.328144814
125,3.0,0.00258651358307,0.0726437028819,-0.028014051232,189.477768249
126,3.0,-0.0315871703857,-0.0184159245641,-0.0161632188194,420.572929888
127,3.0,-0.0235659404385,0.0407965865469,0.0313481015284,554.142624681
128,3.0,-0.0665214576601,0.0111413721514,-0.0141380680614,-247.007261796
129,3.0,0.0438579301612,-0.0417724766226,0.0336356898677,1045.14655895
130,3.0,-0.0501475673879,-0.0193886367164,-0.000677978375495,-262.480548931
131,3.0,-0.0495522005229,0.0208998933813,0.0063058604123,397.359625908
132,3.0,-0.038717013133,0.0537311864983,0.0383574444132,807.693193861
133,3.0,0.0383249403597,-0.0492073405398,0.0270093468888,-254.538267538
134,3.0,0.00342664396676,-0.0403795971293,0.00766232396808,-108.796824398
135,3.0,0.0261773197027,-0.0582129267274,0.0109722783881,57.1148045798
136,3.0,0.0106647925346,-0.0636353852578,0.0172021440524,1089.31169403
137,3.0,0.00397994583399,-0.0384425895032,-0.0348386797297,197.625221712
138,3.0,0.000657830296689,0.0318706003063,0.05814557218,1120.67153614
139,3.0,-0.043617165397,-0.0130877805956,-0.0101682162147,-977.9410856
140,3.0,-0.00542224983052,0.056354738458,0.0132553441393,813.214519573
141,4.0,0.0916837403796,-0.0583895841526,-0.0989760949899,-574.746641905
142,4.0,-0.0485922235755,0.066860504913,0.0537705942718,37.1944677753
143,4.0,-0.00514001444565,-0.0805808565546,0.0320996659627,-251.526078306
144,4.0,0.0893986650335,0.070658043045,0.0894280820026,383.337070165
145,4.0,0.0175058588873,-0.130176700356,-0.0408818577829,-304.861282636
146,4.0,-0.113704034498,0.0653027794181,-0.086317551177,-321.393663695
147,4.0,-0.0403267080144,-0.143100588512,-0.0252720863754,1050.75402269
148,4.0,-0.0601846627218,0.0430603065982,-0.0572588168496,520.367324072
149,4.0,-0.0493652640644,-0.102332600599,0.0383676752201,-1203.25815323
150,4.0,-0.0834573241982,-0.0482379044358,0.0590137340507,972.671361225
151,4.0,0.0352763962555,-0.130772326508,-0.042712692355,-655.152215697
152,4.0,-0.127205536584,-0.0389734106328,-0.0496868137552,-463.885122966
153,4.0,0.0795777581953,0.0435964304017,-0.0630886473002,290.436495008
154,4.0,-0.0620672443998,-0.135795426566,-0.00814178921528,1032.41967473
155,4.0,0.0848238278553,-0.0310780450042,-0.0348237059077,-565.595219203
156,4.0,0.136141407434,-0.0387173315616,0.0517221107235,-1280.59101108
157,4.0,-0.00445006353128,0.0467818556739,-0.1451767905,1068.32053102
158,4.0,-0.0284099957044,0.0158071725106,0.0993316613575,1216.0705729
159,4.0,0.0408480565828,-0.0362170494484,0.125630135341,-170.110016697
160,4.0,0.0446768040494,0.0527968823186,0.0983129522012,63.8683198523
161,4.0,0.0461578999137,-0.114615236947,-0.0381014673797,-1299.61077671
162,4.0,0.0482726605568,0.0330549892471,-0.117715457701,-310.514078194
163,4.0,-0.0514238617722,-0.0553497892417,-0.0595125396586,1220.62938051
164,4.0,0.0706540181069,-0.0232787737643,-0.045433944066,1069.11989556
165,4.0,-0.0228784615591,-0.105085811334,-0.109740702778,-416.808364278
166,4.0,-0.0201480546816,-0.0584842056334,-0.145709315751,459.859604786
167,4.0,0.0314714499381,0.0868591441023,-0.117200000322,-33.1897189458
168,4.0,0.0669382966563,0.112214607509,-0.0353340574605,2365.88953405
169,4.0,-0.0925355758934,-0.0322135476181,0.0624491011111,-358.548610109
170,4.0,0.0869423769919,0.0830512205666,0.00010349319778,-352.274871351
171,4.0,0.0727815832504,0.0124839443527,0.10683721856,-971.463925195
172,4.0,-0.0158963266805,-0.122678884796,-0.0399466553926,0.272622191093
173,4.0,0.105472597736,0.0329421978697,-0.00342413949372,1461.47062251
174,4.0,0.0287314785694,-0.120194389851,-0.0678875522545,-2775.82438598
175,4.0,0.0520466779565,0.131256033788,-2.75184390486e-05,-1623.35459244
176,4.0,0.0863851131103,-0.0592612216545,0.000492326794324,72.9984275219
177,4.0,0.00160357465307,-0.0502649546504,-0.119014033767,80.3248623472
178,4.0,0.0873667276498,-0.0161245161191,0.0695760811189,-736.539621113
179,4.0,-0.0530020107999,-0.0637709601548,0.00397680102024,374.257811655
180,4.0,-0.0106321437462,0.109125592092,-0.0861135630938,-269.670951454
181,4.0,-0.0516565099546,-0.0666365021845,-0.0528342694406,-2105.9860768
182,4.0,0.125280330279,-0.0429182213418,0.0467569141198,-1160.25950151
183,4.0,-0.0533895755609,-0.0390104252575,-0.0610602039181,-2099.28944877
184,4.0,-0.0143047462205,0.0632464647867,0.0737925523202,-1122.40765737
185,4.0,0.012081591516,-0.116043689859,0.0272525934605,-2492.99538145
186,4.0,0.118630283294,-0.0328913988189,-0.093673872507,1777.07270082
187,4.0,-0.122364049419,-0.0161226268649,0.007880363061,-106.594663238
188,4.0,-0.0653221430881,-0.107956577791,0.0123468436994,156.245898556
189,4.0,-0.0820333988407,0.0367219465241,-0.013267054202,940.281458254
190,4.0,-0.103447658651,0.0481886139873,0.0596795981709,1580.78040393
191,4.0,-0.0322891251153,0.0707914601427,0.126598899543,1186.86546843
192,4.0,0.149959983666,0.0222703697643,-0.0383847478711,58.7111465514
193,4.0,-0.133324426271,0.0207950466231,-0.00382500930737,1107.35229661
194,4.0,-0.0736096453976,0.0801840085805,-0.0261090995907,-246.65121393
195,4.0,0.0685283905814,0.0919181871029,-0.05051677995,305.030357307
196,4.0,-0.118935866851,-0.0462643928951,-0.0271132955685,22.4387056801
197,4.0,-0.028916239507,-0.0906577798962,-0.0980744590725,41.2970017893
198,4.0,-0.0400095423249,-0.119587893757,-0.0830914932496,613.978084583
199,4.0,-0.06717154392,0.0772043842344,-0.103691802468,816.680490991
200,4.0,-0.0485844415244,-0.0343437646675,-0.0591974338521,11.9127066372
201,4.0,0.0493542301003,0.0803982743517,-0.0216534669836,1536.28939357
202,4.0,0.0805238696682,0.0760374265949,0.0206174689007,-545.482251312
203,4.0,0.0591062472862,-0.0653628836739,0.112318895138,-45.1556121913
204,4.0,0.0811586125819,0.0625825626562,-0.104515206653,-692.156623899
205,4.0,-0.0154488761017,-0.0358128144385,-0.0913713846569,-182.661958226
206,4.0,-0.0391033077028,-0.0622125807073,0.0393029650038,1299.01756927
207,4.0,0.107457986015,0.00029443689311,0.115246451268,-29.7284274187
208,4.0,0.0818154129434,0.0194524629119,-0.00379057087514,1094.68831669
209,4.0,0.000974421639398,0.0626954809482,0.104453185872,-239.757480217
210,4.0,0.0309449382466,-0.144930842391,-0.000713250153651,-1058.46791877
211,4.0,-0.0499311141607,0.0774854103553,-0.0494858435213,2678.39208236
212,4.0,-0.0350551850115,-0.0748622356485,0.0974093103689,1262.90143372
213,4.0,-0.137247087421,0.0613592773378,-0.0291068892919,49.0586549501
214,4.0,0.0577385767805,0.0881671245516,-0.0428080059036,-438.863204439
215,4.0,0.0662048324563,-0.0227990113855,0.132616697018,85.6589071996
216,4.0,0.0714461286603,0.0445482351528,0.0189502229498,229.975906689
217,4.0,-0.0707080532609,0.0950436808875,-0.070091988894,3728.29135433
218,4.0,-0.00912114892431,0.00705853789774,-0.103274988896,248.793798915
219,4.0,0.134320386601,0.0111328458982,0.0610909784683,1976.83183026
220,4.0,-0.0299072948173,-0.142780252561,-0.0606130467775,-312.352051104
221,4.0,-0.0841693042705,0.00291705372186,0.0680834944613,474.609758646
222,4.0,-0.0883318136472,0.0388606876122,0.0396001022952,-3133.80926588
223,4.0,0.10057739129,-0.0114916032341,0.104809600995,3007.38413624
224,4.0,0.00571043247526,0.0776694357658,-0.042860132857,-141.414392278
225,4.0,-0.0742559966866,-0.0666110970348,0.0162089130179,-101.903772356
226,4.0,-0.0918815346897,0.109395198589,0.0248849359588,-358.456324965
227,4.0,0.0939004869082,0.108907643216,-0.000618545372988,-277.054178856
228,4.0,-0.0118577189919,0.0940042690615,-0.0783130128513,-499.077580975
229,4.0,-0.00989939098633,-0.0858047228429,-0.103316286638,185.477465051
230,4.0,-0.130054480514,-0.0414307660967,0.0371328208143,-68.793473024
231,4.0,-0.0585335308356,0.0769576234079,0.0380688552158,0.0928465624501
232,4.0,-0.0564141419769,0.0475769098537,-0.11971180212,84.1789635526
233,4.0,0.0669827245874,0.0255309759699,-0.0343663659709,898.62974981
234,4.0,-0.0477003476842,-0.0492123663766,0.138926113457,-328.134387728
235,4.0,-0.0688476369539,0.0290803358852,-0.122122068923,194.350288341
236,4.0,-0.050729830313,-0.115784259985,0.0941133031734,13.0593696061
237,4.0,-0.0716488726382,0.0323946342964,0.0281942961584,448.043092016
238,4.0,0.0323261579366,0.129677941885,-0.0807302594055,-244.263802982
239,4.0,-0.0955503410917,-0.00889417927049,-0.00146198107592,-374.008828125
240,4.0,0.0372373712376,-0.0929441437269,0.0142172576061,-1528.10691351
241,4.0,0.0935676407702,0.00658640358677,0.0138437663269,-1400.62647093
242,4.0,0.0928228302048,-0.0608863388895,0.03425406517,1105.64434836
243,4.0,0.0655880998913,0.0183809111165,-0.0529632653327,148.814873253
244,4.0,0.00684445434867,0.149702419338,0.0309100232003,-807.685298552
245,4.0,-0.00713257372038,0.0788468311048,-0.0988852504674,579.343531343
246,4.0,-0.091599380946,0.0366064279474,-0.00112380954095,208.159806782
247,4.0,0.129521173939,-0.0583181125481,-0.0188500211109,1531.3045768
248,4.0,0.0957411981461,-0.0166483046389,0.0210895072949,-839.267850148
249,4.0,0.00172701020623,-0.0839257731494,0.0224954695936,20.8497467531
250,4.0,0.0301524623001,-0.123648478023,0.0352605141162,-150.873907156
251,4.0,0.0433301377549,-0.0492255559093,-0.0787806573214,223.648645851
252,4.0,0.124431509121,-0.0419975981487,0.0142949402224,71.2043333015
253,4.0,-0.0507516228256,0.0184995174273,0.112207652138,250.587183986
254,4.0,0.0216745071341,0.104045987947,-0.0907428007048,72.7160229226
255,5.0,0.142843470754,-0.0176681508803,0.145154158077,-1137.86704185
256,5.0,-0.208827271725,0.0223658870001,-0.064644400985,-167.098814794
257,5.0,0.0978499111364,0.177938346658,-0.0288845863907,154.159972018
258,5.0,-0.148395486628,-0.114199179111,0.17060390483,360.22518863
259,5.0,0.0099700838503,0.131280372924,0.176379237687,-100.024675191
260,5.0,0.18805988055,-0.202202144076,-0.0843692535412,-123.763648132
261,5.0,-0.0541354635677,0.143644039493,0.201059940297,-820.333661194
262,5.0,-0.0592667006778,-0.222135171811,-0.170376400115,402.056581984
263,5.0,-0.109075515726,0.122724292845,-0.172902749263,-1223.75738052
264,5.0,0.0120617845542,0.142242975747,0.0868838292832,293.123561043
265,5.0,-0.305389862984,0.00641377896654,-0.0661720751873,24.0006974731
266,5.0,-0.229267443091,0.0843650966523,-0.0922908286243,-42.5996480365
267,5.0,0.0674968560551,-0.149100501823,-0.154584876736,-445.789860905
268,5.0,0.157942479003,-0.10556879826,0.185730286866,-5.60678078801
269,5.0,-0.149029770125,-0.236302172476,-0.131665250811,370.526249928
270,5.0,-0.147955589473,-0.0169668606894,-0.1366889084,86.5857095053
271,5.0,-0.116553973271,-0.167866555576,-0.107943058495,589.664200681
272,5.0,-0.0963483901915,-0.0253647272985,-0.195510748419,2060.7868612
273,5.0,-0.0442404262625,0.207928531235,0.2285483189,-7.95646436644
274,5.0,0.0597854707505,0.171362567847,0.115408199257,-213.211401272
275,5.0,0.228648816305,-0.0578634847601,-0.0481261118704,197.543696964
276,5.0,-0.274744540882,-0.1101291114,0.0429811094205,930.251514579
277,5.0,0.251736657585,-0.0699535093195,0.109751209719,-92.1936920237
278,5.0,-0.00636791611098,0.202903228311,-0.235952048846,465.577760124
279,5.0,-0.118674206447,-0.274959347129,0.0606263140797,161.355950698
280,5.0,-0.147886006206,0.00134286483683,0.229265864134,427.700761813
281,5.0,-0.102378692571,0.209373140995,0.104094242453,354.751391885
282,5.0,0.0429525879112,0.0427622927853,-0.253134593905,-1122.29252808
283,5.0,0.0877113341973,0.0694907085251,-0.281476728645,-512.564569358
284,5.0,-0.240570293675,0.118289664711,-0.136366031818,-1656.12646508
285,5.0,-0.0529711383358,-0.187229546685,0.119954975563,690.058038327
286,5.0,0.0676292620931,0.159471695914,-0.0312994575498,114.156750385
287,5.0,-0.26452552852,-0.114679645605,0.123161049194,1854.91276124
288,5.0,-0.177445353972,0.0923818589031,-0.235294108908,-257.504292579
289,5.0,0.0803378024159,-0.153659077901,0.174199632004,1075.58472628
290,5.0,0.0495255507004,-0.240730050387,-0.100397059932,-158.319239069
291,5.0,-0.150222495236,-0.151765880839,0.146180065871,384.985274186
292,5.0,-0.113420386335,-0.175128740748,0.192907935631,666.108461104
293,5.0,-0.028912569937,0.145996250183,-0.146373210865,-101.904538946
294,5.0,-0.132690089133,0.238883268489,-0.0355102892018,-871.617032118
295,5.0,-0.254918952323,-0.0234362288686,-0.128218566154,361.098274234
296,5.0,0.0862895829542,0.205866492404,-0.133039389487,16.2772532976
297,5.0,0.112746097448,0.114169447383,0.218032199782,1367.56021949
298,5.0,0.123650726308,0.191312736272,0.00634712839409,-266.57759533
299,5.0,-0.14159141537,0.12415162335,-0.0621498721208,-280.283517238
300,5.0,-0.0180112236418,-0.231070950044,0.152805026814,-176.873697219
301,5.0,0.127423979255,-0.2300207601,-0.164154638812,-889.107626041
302,5.0,0.0176282816924,-0.193828007917,0.218102673884,-374.132159277
303,5.0,0.287970885088,-0.0333471414857,-0.00620757229384,-1159.14214793
304,5.0,-0.194164335909,-0.101120421078,-0.130694395246,1704.3390912
305,5.0,0.0835310218509,0.212888167304,-0.197249479156,717.272092041
306,5.0,-0.12392319143,-0.254409884688,-0.122031234749,-618.882712021
307,5.0,0.186515320994,-0.0472543234465,0.246707242697,-301.699999681
308,5.0,0.135503275047,0.0568018732461,0.0638360129863,118.459849115
309,5.0,-0.0313880880366,0.00452840373931,0.302941651312,37.0081403126
310,5.0,0.0570841214667,0.134241960974,-0.151605145983,-35.3853009919
311,5.0,0.0202089678,-0.254163544076,0.00285242765309,63.5272250022
312,5.0,0.144258854816,0.265141202219,0.080217525338,-1140.52853014
313,5.0,-0.244196548234,-0.0190191623146,-0.0642451990486,148.047046555
314,5.0,0.103000956671,-0.0981641180282,-0.0767292484751,-936.989087874
315,5.0,0.123060286821,-0.0416941151228,0.108642595122,296.630700967
316,5.0,-0.135541446062,0.178372668502,-0.00517143469779,-416.861291425
317,5.0,0.0570932821605,-0.0101471309494,0.157643110494,1534.15430221
318,5.0,0.0613893120014,-0.127514721518,-0.153329192832,-438.642812571
319,5.0,-0.137309298173,-0.270646413674,0.0192600698741,306.130532439
320,5.0,-0.182828869357,0.248715224923,-0.0171759169907,892.421844038
321,5.0,-0.198041626534,0.202167192843,-0.0329441128942,30.6429399325
322,5.0,0.00230198684107,0.0744843802831,-0.271487788223,-1039.72811242
323,5.0,0.286491310558,0.00224612258407,0.0125199811606,93.9734305141
324,5.0,-0.0632969769688,0.0529983045906,-0.303631932627,135.787403937
325,5.0,0.0552067696803,0.0467813817658,-0.173448728451,-1.60881672857
326,5.0,0.079519514028,-0.247406692676,-0.0939230771065,-432.072360267
327,5.0,0.0383685164491,0.256369826759,-0.122465484148,190.523057417
328,5.0,0.103327676646,0.254806941088,-0.0604883839092,71.2624384058
329,5.0,-0.0331576494596,-0.23988421385,0.114438049426,88.5807423536
330,5.0,0.0153478209034,0.0307917782219,-0.270998323282,-177.445381721
331,5.0,0.0141598276772,0.118806465359,-0.199899399372,69.0259033959
332,5.0,-0.148716047922,-0.0797208515739,0.232234750458,4.36899742574
333,5.0,0.210723025962,0.147233495789,0.0503513929766,205.857149983
334,5.0,-0.0978016224906,-0.0698944636632,0.24166947274,51.353048859
335,5.0,-0.0369560512631,-0.183114457527,-0.0495257758773,-190.420226099
336,5.0,-0.0724528822884,0.115253628712,-0.120486108468,761.763458619
337,5.0,0.0443773464132,-0.106106925922,0.278813618729,166.93030857
338,5.0,0.0292437780378,0.208581724609,0.1073115776,1874.08374325
339,5.0,0.284656921987,0.0272464259578,-0.124282817093,368.669106656
340,5.0,0.223288070746,0.172622751079,-0.0420993025624,-49.7434754632
341,5.0,0.230574991428,0.0897851566569,0.0223536762333,323.835646223
342,5.0,0.115698702214,0.0594813649158,-0.229218798558,-1373.85357621
343,5.0,-0.0958854021176,-0.225051418647,0.170979595303,-1479.78802742
344,5.0,0.28848482375,0.0315571480951,-0.0802071503626,-126.585391221
345,5.0,-0.0256218491424,0.205219995406,0.0077157137476,-172.722808553
346,5.0,-0.120964186322,-0.259377169232,-0.100244792435,-145.449156746
347,5.0,0.0401189519351,-0.17130558863,0.084074248822,-109.608766199
348,5.0,-0.0177236076169,-0.280293195452,-0.125389156402,-189.77724759
349,5.0,-0.117232996029,-0.126323340954,-0.236920172138,-750.601873227
350,5.0,-0.172452311297,-0.142655448922,0.0134206073884,152.060121552
351,5.0,-0.0163384423953,0.154895767009,-0.170989169972,-283.579356666
352,5.0,0.0304375646008,0.248863477304,0.138305556923,178.420487078
353,5.0,0.0721347982089,-0.191534235038,-0.139012052454,-1065.92447685
354,5.0,0.150646453262,-0.111462164897,0.176754985036,38.457237992
355,5.0,-0.137473109138,-0.181061025914,0.200042556262,-63.3741010643
356,5.0,-0.201777605108,0.127594710268,-0.119920922087,-54.882584886
357,5.0,-0.17107803394,-0.00169081833643,0.201462270411,-104.778187617
358,5.0,0.0980224454952,0.0385252059382,0.28166755808,219.63144568
359,5.0,0.092325186973,-0.134494796892,-0.113355194277,15.5472740316
360,5.0,-0.0292291098581,0.131939073328,0.174457064878,75.050475682
361,5.0,-0.08081725106,-0.275716275342,0.106484608385,1234.09833246
362,5.0,0.190191228838,-0.151816167079,-0.144336830036,-2524.13059722
363,5.0,0.280765287333,-0.118953698904,0.0507652945033,-134.308214657
364,5.0,0.0425165165102,0.256443151941,0.115208749395,1139.29228246
365,5.0,-0.176452022294,0.125220379381,0.17131255786,784.559913783
366,5.0,0.0693409140343,0.131120571614,0.0585430534661,585.068233804
367,5.0,-0.259055013471,0.0142760745075,-0.0558609626206,45.3659072982
368,5.0,-0.19401799402,0.0343263599963,0.127585284481,14.5503499872
369,5.0,0.113876328835,-0.271320029492,-0.0711823320313,-23.6275208423
370,5.0,-0.129072450794,0.0263787719258,-0.102564884299,-236.439145939
371,5.0,-0.0715245507765,0.130826120423,-0.119078626196,94.2846850559
372,5.0,-0.224376853862,-0.140692167936,-0.146529509999,-546.926248213
373,5.0,0.126473325819,0.0908960582824,0.154255350693,-373.991587108
374,5.0,-0.0414148447798,-0.117056620357,-0.251515249958,-861.635373633
375,5.0,-0.246191331495,0.080532386478,0.0342506558897,-530.281908759
376,5.0,-0.0114518136128,-0.180687869352,0.0460093935628,-79.0737795015
377,5.0,0.183141499399,-0.109716876853,-0.174274506671,-424.313406749
378,5.0,-0.177336986794,0.114383201328,-0.104178951732,1321.34285342
379,5.0,-0.0889462980537,0.302156031506,-0.0138764219026,-1385.10628402
380,5.0,0.0800734764564,-0.145016438145,0.0849793459872,67.05679806
381,5.0,0.000419954487297,-0.135348401255,0.15467440816,810.926379157
382,5.0,-0.207436521425,-0.167215715981,0.158784816659,-10.373584948
383,5.0,0.126950126665,0.239727824225,-0.133363287955,1429.74541872
384,5.0,-0.123532590171,0.117701035852,0.187302783587,839.650328577
385,5.0,-0.282010962192,-0.0336959733301,-0.0746575415473,1271.60990907
386,5.0,-0.0780836589733,0.188777735168,0.152319145972,-731.82899646
387,5.0,0.140690307904,0.00293145259784,0.109612700854,-304.513175843
388,5.0,-0.0163805343098,-0.0296355591761,-0.250152635326,-306.962109705
389,5.0,0.230811402336,-0.00686796493619,0.146935927435,569.717009704
390,5.0,-0.275101809818,-0.117446081465,-0.00563576587233,-82.1641492134
391,5.0,-0.145020621509,0.271226437147,-0.0321107868174,-76.8000138137
392,5.0,-0.175984912034,0.112768293901,0.00516791590041,1383.14510355
393,5.0,0.229131059333,0.211540178947,-0.0143502434857,119.352533347
394,5.0,0.172404928531,-0.220292018598,-0.141453008209,-102.420636339
395,5.0,-0.0954912035436,-0.137931566716,-0.00713582088925,-492.707801689
396,5.0,0.249069786471,0.0046913703703,0.0919718623266,-91.5542619628
397,5.0,-0.169566581421,0.0064477105474,-0.00351485200651,37.4434990833
398,5.0,0.220093603933,-0.0291210536286,0.11713371606,216.049459477
399,5.0,-0.254855657239,-0.114694643069,0.0960381813648,-46.4612836987
400,5.0,0.0894082716583,-0.221326834316,-0.155001174158,1758.19400162
401,5.0,0.0896338991853,-0.23215406642,-0.0953569697882,-398.941820271
402,5.0,-0.151523712261,-0.131975120771,0.0879336287197,-142.767648697
403,5.0,0.00309993332227,0.205562987048,-0.0931283228336,212.570825771
404,5.0,0.143509121667,0.14647646685,0.166849635536,1256.20598606
405,5.0,-0.120886438324,-0.153327911954,-0.119184963453,844.978119138
406,5.0,0.183032591014,-0.0848256161902,-0.0349442624408,521.953941593
407,5.0,-0.105900248357,-0.177957699125,-0.174353681049,154.03897437
408,5.0,0.240025453857,0.116477733178,0.112325353376,294.044433137
409,5.0,-0.0587248501845,0.00160424403988,0.204359747026,-850.339529178
410,5.0,0.0605344011557,0.176805555192,0.222772548029,1331.70158333
411,5.0,0.0648816968823,0.223444023496,-0.126944684616,-888.887888236
412,5.0,-0.222587893804,0.134087164335,0.0167259481207,18.1230821208
413,5.0,-0.147785932356,0.246253046832,-0.0138664470867,353.667154934
414,5.0,-0.0626771407858,-0.216549940742,0.142525463291,-571.305456698
415,5.0,0.0194563364396,0.145795694256,-0.244586992832,-286.98454099
416,5.0,-0.116498392339,0.0953478343575,0.188502693489,714.143750403
417,5.0,-0.215911228345,-0.110195225471,-0.0942025765938,126.009137416
418,5.0,-0.0691265870818,0.174468140368,-0.153919322602,349.310532403
419,5.0,-0.168474278221,0.185578704555,0.00824604267349,522.467281262
420,5.0,0.198605928018,-0.166423378882,0.165139888092,503.692147438
421,5.0,0.215681274303,-0.127415742973,0.111490553686,-1663.09278902
422,5.0,-0.256957987096,0.119141523552,0.103869246429,-211.591596637
423,5.0,0.0888003413453,-0.0283933532562,-0.193444008541,1073.22555313
424,6.0,-0.157214818307,-0.448416289281,0.0961810540773,-170.710183979
425,6.0,-0.0484796653282,0.104470528271,0.538491478715,1401.27292607
426,6.0,-0.320705765022,0.382093701446,0.177956343141,1109.49942904
427,6.0,-0.333313050352,-0.211818930244,-0.00596744030672,656.120963991
428,6.0,-0.508416895185,0.180935794607,-0.31594257074,-344.209236322
429,6.0,0.0475946003793,0.139690081756,-0.281639795006,-545.857305555
430,6.0,-0.401359029538,0.250449030123,-0.100878687108,-87.6739908045
431,6.0,0.389896876577,-0.295961021769,-0.106970118936,75.8420008748
432,6.0,0.40339502577,-0.255701594903,0.305409041694,700.603941415
433,6.0,0.0579741526576,0.371411172466,0.00876912015632,51.4165543955
434,6.0,0.385753102685,0.193375391818,0.432235363571,1153.69656697
435,6.0,-0.419206812245,-0.44371215224,-0.0318604137183,1795.83070134
436,6.0,0.388518257668,0.118785614299,-0.358209098508,721.692165304
437,6.0,-0.143844484099,-0.14617399271,0.365591504141,420.280130792
438,6.0,-0.229036101924,-0.281696366717,-0.2808520165,-339.820372354
439,6.0,0.300622938342,0.308781095585,-0.435944523669,-324.761522482
440,6.0,0.403329075918,0.167150128067,0.152315072439,-1266.63668153
441,6.0,0.0330420490537,0.371303878202,0.238303788525,-205.335543674
442,6.0,-0.269204917059,-0.0314178608432,0.348059545282,372.568781965
443,6.0,0.0239697278879,0.553061043151,0.0273847928697,-53.588827342
444,6.0,-0.334560476259,-0.274810064827,0.287172315043,1115.83334683
445,6.0,0.451661838016,-0.110366894147,0.133716138078,514.024641996
446,6.0,0.0439789896486,-0.00101550643775,0.605202263268,274.878185899
447,6.0,-0.137401685172,0.0688560013496,0.4750265931,8.64205340801
448,6.0,-0.406052151077,0.106985330987,-0.358126502239,-516.490745142
449,6.0,-0.247037434384,-0.118323966592,-0.330978282692,-85.0853001417
450,6.0,0.107103142383,-0.29562090466,-0.10812780184,146.699038417
451,6.0,-0.229723978839,-0.233836078083,-0.141272334164,-275.595238679
452,6.0,-0.413252581546,0.256952275414,-0.155819980582,-1280.45542612
453,6.0,0.409441723533,-0.185418413855,0.2674563405,377.131753145
454,6.0,-0.118134289765,-0.456230152796,-0.0333474648922,-422.570843177
455,6.0,-0.234702905631,0.284028441473,-0.47725485583,216.988286351
456,6.0,0.0254726943349,-0.129889539505,-0.359331765668,-149.58980372
457,6.0,0.314164737701,0.325404427035,-0.128991080003,-1218.24218856
458,6.0,-0.35063985325,-0.126456660098,-0.14902510594,-75.4952849728
459,6.0,-0.508093740795,-0.285199097973,-0.00774572154094,236.369119513
460,6.0,-0.248824552481,-0.429876487471,0.0910504580104,605.956595487
461,6.0,-0.310899388815,0.187515213875,-0.326798135079,202.574595978
462,6.0,-0.370294310448,-0.413621520217,0.111619207218,-67.2073865145
463,6.0,-0.384074961326,-0.102166527582,0.468166343013,-190.264107644
464,6.0,0.39945154163,0.1903031207,-0.256205014518,363.082936215
465,6.0,0.0618910951675,-0.486842483853,-0.0370820692326,193.123552731
466,6.0,-0.232984521409,-0.156836561077,0.254208195458,2.45501392325
467,6.0,-0.515632176524,0.0269273885609,-0.308841604622,97.9376587647
468,6.0,-0.391678124456,0.198132476695,0.414019364867,539.102372392
469,6.0,-0.100269580655,-0.57339547254,-0.229024917491,146.567232021
470,6.0,-0.371551506744,0.0824075532696,0.213383122742,207.92519671
471,6.0,0.45398656728,-0.0956125037039,-0.0339120396707,-682.889173515
472,6.0,0.258847528738,0.347055967182,-0.185070078584,25.6311656417
473,6.0,0.121428741385,-0.32889204301,-0.321251617106,989.776840632
474,6.0,0.366489442514,-0.299540431308,-0.194469545686,1015.97943583
475,6.0,0.0486011137256,-0.356449564875,0.400440308671,-670.566739045
476,6.0,-0.526201307835,-0.234228393242,-0.166686687921,-21.3097535209
477,6.0,-0.227084581442,-0.319059188029,0.416259117116,320.349042328
478,6.0,-0.278024531106,-0.0788788753424,0.25273029158,-698.354752971
479,6.0,-0.478138704649,-0.145079623405,-0.32774105202,85.0736440781
480,6.0,-0.329410071893,0.139520005998,-0.283784281001,-182.879056398
481,6.0,0.263654637403,0.402565347122,0.0335768658498,310.790265602
482,6.0,0.082682848556,0.339033179818,0.409715099018,-143.642427524
483,6.0,0.219332709385,0.347511810173,-0.0554874419285,-251.620606958
484,6.0,-0.347639202866,0.21245047852,0.0325771023467,909.450715415
485,6.0,-0.350516399822,0.353114165174,0.187680055744,489.02468612
486,6.0,-0.165449825055,0.0185882053551,0.432511851909,-6.16858464881
487,6.0,-0.40035006546,-0.405808741911,-0.259845738609,877.931496346
488,6.0,-0.250821156001,0.199387092964,0.00502991918384,-946.111566146
489,6.0,-0.10334124316,-0.0171522606128,-0.42706284962,-760.09154794
490,6.0,0.23255192349,0.422572482702,-0.0969868740995,-375.34738129
491,6.0,-0.107411620757,-0.426795921798,-0.0948542904727,194.813063885
492,6.0,0.473834993194,-0.0973777576782,-0.036397990404,83.8885538778
493,6.0,0.300516449338,0.375667421217,0.0152450260836,-559.826183444
494,6.0,0.0558810642469,-0.334284651587,-0.303157135724,-312.36995682
495,6.0,-0.0143283446955,-0.565451718593,-0.245764789802,-555.985714126
496,6.0,-0.521494823074,-0.309518280033,-0.150676709962,784.123580529
497,6.0,-0.0876906721579,-0.436451104962,0.0343420601244,-14.4098708486
498,6.0,0.345765673142,-0.115297745703,-0.284610835727,458.189016498
499,6.0,-0.0359551862917,-0.466262428129,-0.0495255263673,412.23466119
500,6.0,-0.188781087125,0.471679370339,0.171926802466,-156.98284921
501,6.0,-0.0773781114187,0.338397998945,0.181916067815,1377.7326658
502,6.0,-0.547711821926,0.129055987628,0.0365242574007,629.286395901
503,6.0,-0.0813355038763,-0.0897792433497,0.401849710049,-370.716147178
504,6.0,-0.577454563699,-0.0795908847353,0.132842953506,-314.418572175
505,6.0,0.526517619764,-0.123046530287,0.317004732315,489.042045489
506,6.0,0.577322955897,-0.182424497661,0.016114935536,846.660544069
507,6.0,-0.505916718997,0.0606159195744,-0.182981750993,708.637501624
508,6.0,-0.228103912703,0.326272527324,-0.40408264866,-488.559020345
509,6.0,-0.120929806878,-0.391314938757,0.387217441653,1081.5565022
510,6.0,-0.530853771046,0.145583468566,0.132716650094,-5.40719818299
511,6.0,0.274375964497,-0.342223123662,0.00800209731329,-328.728295922
512,6.0,0.14572983734,-0.171916605172,0.382436154352,-538.880323906
513,6.0,0.313659499246,0.297812002946,-0.14949641866,11.9200898242
514,6.0,0.16980338098,-0.56774861734,0.0884060740616,-389.925832976
515,6.0,0.498924815715,0.145193255836,-0.0455433449214,-662.657308326
516,6.0,-0.293977058841,-0.314286353724,0.0758446961615,-1087.35024655
517,6.0,-0.318285411442,-0.0511667667222,-0.24330713012,123.16187159
518,6.0,0.307644669063,-0.0495186901947,-0.449569825925,18.3041554052
519,6.0,0.3851803593,-0.207281172733,-0.047068722081,-887.706668425
520,6.0,0.351277769357,-0.219573824496,-0.466228256095,414.201838291
521,6.0,0.0584356807773,-0.0186504898564,0.413623389586,1740.79158322
522,6.0,-0.230693360056,0.298783994255,0.400120064929,193.768682319
523,6.0,-0.288547002007,0.448125155689,0.238152357341,247.805177218
524,6.0,-0.340922251129,-0.427859579446,-0.183992681502,-5.79955071344
525,6.0,0.175996367641,-0.213814280033,0.405164281283,19.1653158509
526,6.0,0.0613006667919,-0.191862328794,-0.262383048049,864.982234893
527,6.0,-0.570225277502,0.204322822069,0.00861483813779,83.4047261033
528,6.0,0.138898322651,-0.524439510328,0.0156610369597,-147.13713689
529,6.0,-0.395552221153,-0.440483699652,0.186058112747,-100.417442405
530,6.0,0.273648675719,0.456768086035,-0.259005866987,445.331050712
531,6.0,0.122398245408,-0.559992004622,0.0718058032112,-662.170106989
532,6.0,-0.442425480662,-0.0242041167548,-0.338621788409,-617.415662152
533,6.0,0.333002989035,0.15025715685,-0.101584730693,679.624948563
534,6.0,0.529414212495,-0.0426480622182,-0.0325655107035,-34.164997007
535,6.0,0.00346355409314,-0.484179840913,0.379310599176,-1486.21013954
536,6.0,-0.326180535063,-0.178928440694,-0.189712037224,-805.066119208
537,6.0,0.317688248516,0.0210498936327,-0.135921017232,185.042049528
538,6.0,0.319124186291,-0.340322375904,0.288147278224,-272.238405073
539,6.0,-0.17710280834,-0.0424920588344,-0.455994952245,70.9529638214
540,6.0,0.245562695825,-0.424906679698,-0.185358434502,751.939864745
541,6.0,0.307781603235,-0.251171391585,-0.138678200584,47.0996016083
542,6.0,-0.273198298048,-0.22175742751,0.0710254643028,-26.7891596495
543,6.0,0.388190056869,-0.237771257402,0.115939052305,-96.0673679342
544,6.0,0.0978418910005,-0.152706161568,0.556727909822,22.2233571523
545,6.0,-0.381713962768,-0.0715797457956,-0.403154948817,1122.52480768
546,6.0,0.0620868904974,0.0981838905569,-0.457868826326,610.510133917
547,6.0,0.504814703209,0.238134858222,-0.240998729929,-1010.59329048
548,6.0,0.168584567822,0.440235024326,-0.357159725209,-495.371347727
549,6.0,0.31496480558,-0.355748283986,0.349616183312,-26.4630257965
550,6.0,-0.0522577556517,-0.000277504351159,-0.537932282973,40.7290625344
551,6.0,-0.541479767912,-0.0219936574009,0.0555741617561,329.18397305
552,6.0,0.233165393851,-0.0189131519002,0.44344263111,-402.079806481
553,6.0,0.0905686486078,0.270432443304,0.411405746822,207.682705196
554,6.0,-0.460513351842,0.220316729175,0.196650545329,1541.93144456
555,6.0,-0.04789675582,-0.359791317421,-0.512110957647,-12.8402272443
556,6.0,0.429840256107,-0.228291275939,0.073566610167,242.547023897
557,6.0,0.245138412441,-0.0925162861653,0.334018439783,-355.483402504
558,6.0,0.28167515684,-0.495394073951,-0.216072037213,141.594196252
559,6.0,-0.00236299603614,0.23812136637,0.240600589099,184.004815689
560,6.0,0.0969052198323,0.00185314528429,-0.600861189422,-474.432487505
561,6.0,-0.2232079858,-0.387988985489,-0.288533018665,1052.76664302
562,6.0,0.382908989624,0.212143000717,0.22575975568,-715.351852511
563,6.0,0.261973206545,-0.230205614096,0.140740923283,-545.243290767
564,6.0,-0.381999631616,-0.448853237755,0.207816004632,494.936372658
565,6.0,-0.0324459298864,-0.228878520414,-0.472804597996,-33.741911709
566,6.0,0.0122244296012,0.448264577368,0.36084261716,239.60728537
567,6.0,-0.37556263251,0.393238179148,0.0775362853097,-220.889271162
568,6.0,0.139796572569,0.550865953016,0.0628978327786,587.431483562
569,6.0,0.0369508125016,0.142980492133,0.401791742467,687.006127435
570,6.0,0.354200508188,0.0917749152026,0.233187502856,1306.63297212
571,6.0,0.289550349878,-0.08946809621,0.402761102143,135.775961072
572,6.0,0.206297699692,-0.14128197066,0.429131584084,-247.426310826
573,6.0,0.0986619302373,0.350451629971,-0.0252383516451,239.153361471
574,6.0,0.118264549029,-0.379644096621,-0.150826427466,1710.81415023
575,6.0,0.153554886376,0.183309220211,-0.217251113284,-10.6468258588
576,6.0,0.0555292831512,-0.435636422461,0.0190849202482,579.431133013
577,6.0,0.397594062854,-0.0986877177055,-0.213152981201,-153.441277432
578,6.0,-0.0117629325597,-0.00787703647778,0.39421967713,-28.8096863347
579,6.0,0.188246019687,-0.53901035081,-0.0735092620918,141.00199803
580,6.0,0.0411823295109,-0.516357656398,0.130553013235,639.934763297
581,6.0,-0.0120010960195,0.410216430621,-0.229232811828,-538.449832273
582,6.0,-0.0729657075158,-0.0748854776614,-0.360506928641,-155.30615315
583,6.0,-0.117825086438,-0.561373281351,-0.133798243114,506.871105993
584,6.0,-0.0100758790835,0.47804218466,-0.226348787185,90.9206455189
585,6.0,0.283653189644,-0.346553202859,-0.273615645665,-81.0087771784
586,6.0,-0.182480882936,0.415008082812,0.400934838957,678.83646363
587,6.0,-0.223495033901,0.337311749142,-0.0992010449284,1961.88738263
588,6.0,0.0706153079063,0.4970873667,-0.00385278445502,-99.7280323448
589,6.0,0.222661013857,-0.243761688208,-0.150967221151,87.4961837423
590,6.0,0.341908480393,0.259000221453,-0.444057358939,-119.54770049
591,6.0,0.335281632227,-0.089260353451,0.384904062342,-71.5072430461
592,6.0,0.0105629734546,0.243795610906,-0.34795531522,1103.77142404
593,6.0,0.06034614784,0.380163065826,-0.0256117434808,351.59167487
594,6.0,0.35842781945,-0.120345054111,-0.0626512437801,-768.159520604
595,6.0,-0.309602683448,0.00711002061737,-0.460084113496,-0.530573677632
596,6.0,0.41947400648,-0.299413216568,0.188286995216,338.266072375
597,6.0,0.401962225162,0.286146717123,-0.12125740947,-32.3151548574
598,6.0,-0.367051569274,-0.360382381865,0.138710623239,244.947456876
599,6.0,-0.247461792767,-0.155238976951,-0.481411656542,44.7234061938
600,6.0,0.215046804658,-0.528258785502,-0.0230625918372,410.958684572
601,6.0,-0.02584969384,-0.3371123486,-0.0476334818624,1100.8316223
602,6.0,0.0541162546457,-0.441760188499,0.379856552718,-1877.91025746
603,6.0,-0.443468449098,0.109278238528,0.279673861804,176.711810366
604,6.0,0.15688677799,-0.330811453736,0.0187957506105,264.704636363
605,6.0,-0.0856606602587,-0.169629965081,-0.561956706815,158.39827896
606,6.0,-0.223661338163,-0.0415754302107,0.514802993728,207.250118361
607,6.0,0.197235290391,-0.44206583871,0.200769891643,-776.107805115
608,6.0,-0.142844656616,-0.00407636851419,0.55465335545,-796.968876678
609,6.0,-0.325192893277,0.0485818333224,-0.481159809669,224.078822656
610,6.0,-0.120001026785,0.344109918488,0.452198426854,33.614671033
611,6.0,-0.0969560011137,0.534756452148,-0.0427806087367,-282.85687454
612,6.0,0.072275913958,0.591313989249,-0.123255619579,92.9262050809
613,6.0,0.198868686464,0.113291724341,-0.566333085888,-171.546953237
614,6.0,-0.138594388353,-0.368713732473,-0.100625228348,348.839061365
615,6.0,0.43830772724,-0.157617877824,-0.223861939336,-963.401864413
616,6.0,-0.121247019583,0.35571719055,0.225292895709,167.890981969
617,6.0,-0.0722044078969,-0.260270297442,-0.506729678335,-615.363484645
618,6.0,-0.0695191515212,-0.283426193097,-0.169678574545,14.7033219184
619,6.0,-0.102007764636,-0.514072678411,-0.0934357644646,-163.096469195
620,6.0,-0.0438760401862,-0.0161141018092,-0.372676977602,-236.823529726
621,6.0,0.163457406327,0.349914604483,0.0860849478143,-686.751762739
622,6.0,-0.196959587521,-0.285572272806,-0.0210992950913,-308.461288607
623,6.0,-0.334151439695,-0.0156763540625,0.315524234159,1117.74524763
624,6.0,-0.421584943735,0.0947929027426,-0.223243588749,2.67413670039
625,6.0,-0.34778170405,0.0449626219406,0.123105213083,158.167093888
626,7.0,0.492817012763,0.319707852271,0.303124467942,104.609690297
627,7.0,0.55196869762,0.415760444427,-0.230313408822,183.247584844
628,7.0,-0.227610745925,0.799720720069,-0.818184015719,-369.610856776
629,7.0,-0.196293875942,-0.778394858207,-0.804369783766,1081.09199285
630,7.0,-0.644304051282,-1.06702144723,0.104008329131,-530.408910057
631,7.0,-0.770821277894,0.00674636028781,0.605767580688,-973.10720994
632,7.0,0.532720575877,0.758629315425,-0.842407444794,-989.648683708
633,7.0,-0.352990596853,-0.323111763407,0.838990678004,376.472779982
634,7.0,0.340258475288,0.892205914443,-0.0244785395536,-46.6121789824
635,7.0,0.213022461682,-0.725541164641,-0.509686281948,448.743451783
636,7.0,0.98416748138,-0.254296351537,-0.141509161185,1173.42233791
637,7.0,-0.00181030374807,-0.180001216909,-1.0388699602,16.5866563611
638,7.0,0.404311280105,0.251042293396,-0.63863124999,7.33667073533
639,7.0,0.374655058056,0.530348628163,1.06827543465,2003.58892486
640,7.0,0.846178789987,-0.836037883275,0.0528792407077,0.299498670828
641,7.0,0.163702686876,-0.638348290216,0.700821733277,134.511444087
642,7.0,-0.194715742066,-0.447711498225,-0.919034528204,306.36987286
643,7.0,-0.7305079614,-0.544069256646,-0.385878883471,760.611812708
644,7.0,-0.117400101418,0.813900033286,0.39322903273,821.222214278
645,7.0,-0.559595079471,1.11793517713,-0.0148348492611,-56.2816293883
646,7.0,0.202456718833,0.606876801774,0.372535160693,52.6553871953
647,7.0,0.753378922511,-0.111179652525,0.356882127627,217.960338068
648,7.0,0.503001705887,-0.170085547399,-0.925596401955,-127.513463838
649,7.0,0.212850464306,-0.665558373577,0.065017067776,126.904808116
650,7.0,-0.364360670833,-0.350340022621,0.974016307349,-110.420282265
651,7.0,-0.919267180535,0.812858783018,0.260771196606,-131.677438356
652,7.0,-0.618875245657,0.168137880544,-1.01766931291,97.5561546341
653,7.0,-0.337458377375,-0.977842038938,0.143776433852,-17.8251127196
654,7.0,0.833051146033,0.311810849227,-0.843115430153,-160.012602581
655,7.0,-0.156913447085,0.325295047024,1.03123273122,-207.462351816
656,7.0,0.429818301847,-1.00451541622,-0.221752557769,245.304963517
657,7.0,0.346433460298,0.490334431318,0.95237777706,-98.4928362254
658,7.0,-0.588643543944,0.411894209293,0.8923853238,-368.114432559
659,7.0,0.547933770645,-0.922046153993,-0.339867231955,-1113.24894868
660,7.0,-0.149327572654,-0.194096173523,-0.81609868674,-397.205582939
661,7.0,-0.30405824985,-0.78363507635,-0.290874460269,-426.731440469
662,7.0,0.468932680205,-1.05940587666,-0.17522398404,9.19398403824
663,7.0,-0.725441656129,0.0857587689401,0.65951479583,-189.627877748
664,7.0,0.350103535988,0.412067834686,0.923507002799,-381.210235805
665,7.0,-0.922200984626,0.448161887045,0.490221716786,-123.565214129
666,7.0,-0.835282471068,0.642309416916,0.231553648951,131.034338726
667,7.0,0.631812746551,0.497353697471,0.438456451668,41.0973390162
668,7.0,-0.151322117339,1.06981900131,0.607976859216,37.6094467362
669,7.0,-0.969448559831,-0.622621877442,-0.0162242650655,-240.33151604
670,7.0,-0.564572580655,0.409894389021,0.385762455416,-611.208160786
671,7.0,-0.643622991158,0.757434774052,0.664853128978,-57.6968549873
672,7.0,-0.442739154442,-0.410110347092,0.593999822092,129.614494542
673,7.0,0.613524034609,0.88425802941,-0.512478766964,-578.443438942
674,7.0,-0.705341848212,-0.752784943263,-0.512612132956,-3.07665203318
675,7.0,-0.856018844196,-0.135306419799,0.0337459261229,290.536053613
676,7.0,0.736241376871,-0.479970356878,0.291156952043,309.827919558
677,7.0,0.333573606446,-0.388000421382,0.759001486302,447.997640857
678,7.0,-0.633890376002,-0.0179724050715,-0.656758439022,475.179388099
679,7.0,-0.749640319244,0.690685681361,0.292084787397,-200.551495737
680,7.0,0.19845318012,-0.66213258089,0.40201616073,1577.92942907
681,7.0,0.549311222011,-0.183558107827,0.487099281543,-414.574967341
682,7.0,-0.768146183436,-0.643379835003,0.0441261894261,-217.300949692
683,7.0,-0.704845180627,-0.402332944643,0.281875634197,-264.896234649
684,7.0,0.013994301659,-0.289944923261,-0.945897863953,-327.398826555
685,7.0,-0.0645729952445,0.114742020678,0.795448174135,571.601302897
686,7.0,0.174326486751,0.838758188241,-0.342684481116,388.484902211
687,7.0,0.982741770719,0.392824368528,-0.30346771261,741.549168693
688,7.0,-1.10356270601,0.154414536099,-0.467833351455,444.635682281
689,7.0,0.0974341698121,-0.922049802478,0.197596268447,-572.905051181
690,7.0,-0.666510048051,-1.01276076832,0.217984501945,239.984611463
691,7.0,-0.716108861944,-0.568658499437,0.703314080378,-558.59522924
692,7.0,-0.70625671911,-0.649130526804,-0.494016680645,-49.487963307
693,7.0,1.16771348458,0.0348325273791,-0.12796955668,244.386022403
694,7.0,-0.631765930502,-0.478061598944,0.593702627754,766.327546854
695,7.0,-0.564896457197,0.155802558531,0.847215137317,1019.4317431
696,7.0,-0.636693225953,0.732525617868,0.43094302413,60.3256016805
697,7.0,0.51225883359,0.952545010815,0.203208992065,544.634346864
698,7.0,-0.70263505504,-0.489221364626,-0.213074284994,-611.613782781
699,7.0,0.780038763356,-0.0627869110519,-0.632209805491,-283.085769955
700,7.0,0.868402312944,0.185066788619,0.534790904032,-477.996187647
701,7.0,-0.25020187583,-0.283843837837,0.975472336482,350.593332741
702,7.0,0.700217437637,-0.926586552931,0.355210677105,144.031659138
703,7.0,0.401731435382,-0.293904994665,0.513499833276,654.366720344
704,7.0,0.565971284151,0.785163593876,-0.141094941039,1434.24077548
705,7.0,-0.0852680067892,0.494369454967,-0.419836121926,879.813878268
706,7.0,-0.977427773499,0.418147683369,0.150762249598,-708.697880645
707,7.0,0.520818009564,-0.635089447727,-0.489023727749,392.674922779
708,7.0,0.970906626832,0.389497205254,0.21221037523,729.168200048
709,7.0,-0.87751828605,-0.0709761971349,-0.46832580623,-252.614950865
710,7.0,0.190805536471,0.994080785582,-0.459643387877,-483.400713919
711,7.0,-0.529446879079,0.208782955158,-0.888170419693,348.112029293
712,7.0,-0.552553492957,0.401118022828,0.351634576133,-170.270441524
713,7.0,0.22266546968,0.466815768983,-0.954920455229,-1.13152012781
714,7.0,-0.330183752631,1.00216845094,-0.251068914667,6.23740109865
715,7.0,0.433677612968,-0.300552095883,-0.421600803892,-321.369836663
716,7.0,0.524567289081,-0.603445157,0.685505562629,932.730915753
717,7.0,0.415905033213,0.407032979413,-0.657251571029,-444.686818445
718,7.0,-0.626735328386,-0.428016443779,-0.85823485406,-20.078537684
719,7.0,-0.0386871812831,0.565572149958,0.618805898019,2288.45070108
720,7.0,0.140268749134,-1.00848114258,0.0181134218915,36.0861596905
721,7.0,-0.102492942664,-0.760894224812,-0.0689182123478,240.451707313
722,7.0,-0.842980288612,0.0548230786747,0.767375213054,629.824706233
723,7.0,0.370185371351,-0.866630152334,0.358962429072,-484.245799776
724,7.0,0.254076824123,0.3128375091,0.574737246222,603.10153524
725,7.0,-1.08156747986,0.477521501756,-0.355133019458,-452.99206316
726,7.0,-0.26726194457,-0.341393581806,-1.12645178794,-6.34114591586
727,7.0,0.13457158973,-0.723615126231,-0.872559352902,-525.390410004
728,7.0,0.405555126422,-0.0175194337462,-0.607532061656,4.76810437452
729,7.0,0.0909282021618,0.220994930825,-0.989795725438,431.352903156
730,7.0,1.02952614235,0.489574863462,-0.214161144186,78.3638630186
731,7.0,-0.980939062424,0.354448264007,0.282978963253,-546.89064969
732,7.0,0.572898735436,-0.55914403906,-0.0515426327496,-967.482175157
733,7.0,0.719348565014,0.279544561793,-0.82013988333,847.808606638
734,7.0,-0.368319129897,-0.814292051616,0.661830058923,-235.24794722
735,7.0,0.67116445798,0.683007405213,0.391649231292,-178.13781376
736,7.0,-0.559452922289,0.349516266533,-0.796794683074,516.099365985
737,7.0,-0.144029249846,0.656988200642,0.0176211868376,-488.224462871
738,7.0,-0.269362760416,-1.20382451937,0.174137373921,-15.2979515846
739,7.0,0.108263784803,-0.607964179033,-0.219862857325,-235.077926272
740,7.0,-0.612294969311,-0.383658878086,-0.0339666564074,546.912374584
741,7.0,-0.62521442411,0.380657011558,-0.342702416842,268.371968998
742,7.0,-0.56049049742,-0.589609618291,0.874884662022,-96.6175379234
743,7.0,-0.0876598830664,0.873233257265,0.485499541831,154.663086539
744,7.0,0.177810933038,0.730211937402,-0.989565307643,122.365176646
745,7.0,-1.00432075892,-0.0687275793391,-0.329388757878,1588.26900327
746,7.0,0.684667939299,0.211627431591,0.178689068091,143.124795158
747,7.0,0.205198310912,0.706318253652,-0.487652821739,-74.619236823
748,7.0,0.509314784479,0.765349401336,0.276949115871,-590.217215966
749,7.0,-1.03090384048,0.635546519264,-0.267967554459,172.470886938
750,7.0,0.633149764983,-0.210062288435,1.02605229922,491.804025711
751,7.0,-0.0267842016226,0.68121850557,0.64993863895,85.6713745853
752,7.0,-0.522940492823,0.24185154654,0.743250992312,219.905018618
753,7.0,0.746295552916,0.424030827523,-0.820233799707,143.305498972
754,7.0,-0.313803071113,-0.867091648599,-0.658048446589,-25.1916555424
755,7.0,-0.64270080478,-0.283339553416,0.200771935561,237.526288126
756,7.0,-0.249547799449,0.981648012609,-0.11551926126,2048.65055779
757,7.0,-0.671024859993,-0.62843295497,0.756543767549,-112.674587771
758,7.0,0.499914101476,0.71628844767,-0.358607027816,-33.8463525668
759,7.0,0.531815579098,-0.757554902724,0.203281058025,-138.147198717
760,7.0,0.702036592308,-0.0135657593178,0.516585606973,725.556630306
761,7.0,-0.547357710296,-0.827228063312,0.442153719497,21.202735373
762,7.0,-0.423528644765,-0.848995784274,0.309505400131,254.261491732
763,7.0,0.46810551094,0.0231785849186,-1.12423922218,1475.94282139
764,7.0,0.578916873041,0.619806286247,0.455595571757,48.0680038003
765,7.0,0.0240647099011,-0.121690101513,-1.24483520219,1595.70982054
766,7.0,0.505596340724,-0.887624962894,0.0416412096134,24.0215399637
767,7.0,-0.423255038881,-0.770339130973,-0.409243206501,-78.019148934
768,7.0,-0.307813407028,-0.0381151722544,1.12496156707,-79.611167256
769,7.0,-0.272886916755,0.832429466362,0.802185792723,834.20565344
770,7.0,0.330995780507,0.981897062402,0.426194004651,44.0578133291
771,7.0,-0.0217682708425,-0.323162388955,0.652301541928,-496.987049631
772,7.0,-1.05493494087,-0.525398724486,-0.388911604445,-3.09485003656
773,7.0,0.176893370754,0.724694372104,-0.69257198446,353.190921361
774,7.0,0.429495464945,-0.224597405887,-0.909278749768,-46.1339312014
775,7.0,0.469332234757,0.000322360512828,1.14271617733,-50.1294053007
776,7.0,-0.387606748226,0.740579155494,-0.426840307136,60.4245254757
777,7.0,-0.512731919261,-0.335055298784,0.273499511891,1289.27200773
778,7.0,-0.0976457339034,1.02148923536,-0.589636939865,64.5227893004
779,7.0,-0.65510272673,-0.216159491392,-0.432253340151,-40.3782312521
780,7.0,0.462811811865,-1.14725093376,0.0935064259444,76.5251943007
781,7.0,-0.939868910384,-0.107181966339,-0.111768671003,-64.4957347255
782,7.0,1.02399693387,-0.450974268389,-0.229813333342,122.776045274
783,7.0,-0.452950134216,0.0737691707807,0.722081562119,-107.635058307
784,7.0,-0.415684182696,-0.592619799651,0.0226004008125,-576.815975115
785,7.0,-0.208608626544,-0.899640792468,-0.813149810136,1326.80685761
786,7.0,-0.721649997348,-0.559967556079,-0.526380277657,-837.573353245
787,7.0,0.293417887399,0.89379520978,-0.745162921439,-58.1689354022
788,7.0,-0.785194032201,0.623995972568,-0.407503542622,329.12156008
789,7.0,-0.231057703848,-1.08278921272,-0.172889867942,390.65251218
790,7.0,0.438027995125,-0.503124616041,-0.819058296504,219.542544146
791,7.0,-1.10446115554,0.45023155678,-0.223802056282,50.9791116851
792,7.0,0.520002153223,-0.897898747079,0.671695818061,-134.919510358
793,7.0,0.0905813390217,0.198883694612,0.625188650653,157.800819232
794,7.0,0.200393760704,0.324222770377,-1.1667465784,-448.364915739
795,7.0,0.75094632375,-0.248708605555,0.933906327204,8.43194315824
796,7.0,0.234200481395,0.631296065848,-0.649371153199,-118.143077517
797,7.0,0.621467948634,-0.118597919457,0.756614839065,82.1481265503
798,7.0,-0.545093805135,0.0870890404465,-0.747986412702,288.193898515
799,7.0,-0.029147392784,0.685289017439,-0.8367826834,55.8267091758
800,7.0,-0.9376710197,0.380650664701,-0.150450796043,312.821085265
801,7.0,-0.297015823144,-1.0184078245,0.651672250611,-35.6043260955
802,7.0,-0.908004605511,0.104021528568,-0.0173346439985,473.064960235
803,7.0,0.886120688967,-0.206502570837,0.320096114624,-377.783082613
804,7.0,0.595576992151,-0.679340914095,-0.505019963897,216.417935984
805,7.0,0.460467410555,-0.74834042197,0.13081810888,266.373536733
806,7.0,0.258317458935,-0.685520327051,-0.000548008802635,-203.700324634
807,8.0,1.62394062951,0.869021931376,-0.99825763539,-120.084708463
808,8.0,-0.28411186583,0.458059489245,2.27515309622,493.957990917
809,8.0,-1.28511552835,-0.484279824612,-0.00455158996988,792.724985203
810,8.0,-0.439474883207,2.04020953265,0.442133637668,10.4411367636
811,8.0,-0.595229377953,-0.0795124665159,-2.42666260871,-23.3367719627
812,8.0,-0.212436838962,-2.01639540735,0.00432700574282,-83.3423314203
813,8.0,-1.78300854504,1.11528498315,1.21904880192,97.0896906097
814,8.0,-0.897767487296,-0.238337039672,0.86052096057,418.639727541
815,8.0,-0.526639403736,-1.10083002927,-0.358856858967,324.451997626
816,8.0,-0.210837424941,1.22800346388,-0.811319161948,143.42376624
817,8.0,0.163110985639,0.106137928936,1.77769548771,68.4168416687
818,8.0,0.72374493218,-0.125401535974,1.91830656211,-96.6892825128
819,8.0,0.884312860828,0.591796274071,-2.09803041866,-857.757071144
820,8.0,1.77881946617,-1.7149756792,0.201722619236,-38.1189554827
821,8.0,-1.56363994377,-0.944922167078,-0.507712459529,118.107255918
822,8.0,0.258913545804,1.81111700165,0.761960545952,-678.314171877
823,8.0,0.883298103564,0.807640803959,1.52225600539,-30.8793407924
824,8.0,1.18220043722,-0.161000254722,-0.732752871684,-852.908203111
825,8.0,1.92722017354,1.15821374276,0.654268241226,74.2941291779
826,8.0,-0.658215611886,0.575127858752,0.936395086235,11.0951636607
827,8.0,0.757413685357,0.53308334314,1.62476854684,16.1640427928
828,8.0,1.85900796894,0.85421956156,-0.947270527874,-591.013530378
829,8.0,-0.157658731178,2.26695418715,-0.876927580696,226.828289379
830,8.0,0.849390353546,-0.508607240264,-1.8653996904,547.317881731
831,8.0,1.19508742249,-1.03655200755,-1.00634441028,234.641932178
832,8.0,1.42332128941,-1.50712807995,1.0963020453,-349.103319878
833,8.0,0.333585893739,0.519007781024,1.87336876409,-1116.87944402
834,8.0,1.06516471889,-1.55271413322,-1.41715489508,12.1321769143
835,8.0,-0.708136356077,-2.28030034505,0.166081010086,-78.9332527661
836,8.0,-1.47851440516,-0.936210648275,-0.542711122198,-620.231268935
837,8.0,0.806060131552,1.47769736984,1.70158533277,-299.741736409
838,8.0,-0.240263933575,0.945098241875,-1.06404162809,1115.4122219
839,8.0,-0.352897024897,-0.452447085663,-1.82796542355,-75.9104543702
840,8.0,0.136362881623,-0.535946826387,1.89721432009,31.5126818841
841,8.0,-0.300743566289,-2.03098974472,-0.138262788078,499.24322511
842,8.0,0.485508455386,1.25997991941,-0.448736574642,-431.828927032
843,8.0,-2.10243509456,0.151664169745,-1.07060462748,-732.711038215
844,8.0,-1.86301194429,1.10979404937,-0.868859777428,221.189349907
845,8.0,-0.184505513862,-1.60677052383,-0.452122052159,-495.24361907
846,8.0,1.89175937705,-0.306657747509,-1.32311597454,-39.6452099875
847,8.0,-0.3623703044,-0.799316786307,-1.33330765701,-345.687819503
848,8.0,-0.464093105693,0.665198943786,-1.84344059722,-396.752285013
849,8.0,-0.779641752627,0.852108727599,1.50567730839,-633.658782954
850,8.0,0.133241947602,-0.554263323306,1.28657584783,291.886583859
851,8.0,-0.277212587286,-0.673690386027,1.88349833238,914.398091595
852,8.0,0.104856644272,-1.57104562493,-1.58998072195,-484.843873632
853,8.0,0.996332485178,1.353834158,-1.53378784485,-205.631078059
854,8.0,-0.412407009067,-1.36365268958,0.474990692278,-15.1376361479
855,8.0,-1.18592591349,1.9219232031,-1.0534788151,-358.509603208
856,8.0,-0.964128223406,1.98203375282,-0.37375424463,626.664802516
857,8.0,1.19574342582,0.75867821316,1.03832254493,-297.218241579
858,8.0,-0.64305935975,-1.54937616995,-1.50409285384,215.084738211
859,8.0,2.08681831364,-0.821972609695,0.578634726707,-73.4068642941
860,8.0,-0.926276788817,0.532267879438,-0.892249825192,2.06635221305
861,8.0,-0.463510226031,-1.21630751209,-0.683750218006,-77.7977161107
862,8.0,-0.623209675208,-1.19705976419,-1.36161458352,887.298775941
863,8.0,-1.45245535589,-1.92613140285,0.129188468318,253.586083766
864,8.0,1.95201487377,-0.694454281406,0.0867929457628,-119.715491039
865,8.0,-1.6485322873,-0.997752445805,-0.323507498395,248.96851518
866,8.0,1.23535134395,0.542127612642,1.38004535636,-41.5448476896
867,8.0,-1.05063197024,0.818013882573,0.321377117363,-609.783313399
868,8.0,-0.445647987799,-1.61571315971,0.982951265076,28.6174367408
869,8.0,-0.51534604756,-2.13175592964,1.02950542774,74.0787890096
870,8.0,0.534305353779,0.701420689132,1.6743600582,632.032686355
871,8.0,-1.06167679861,-0.0557966573797,-1.54596459379,-1493.46594397
872,8.0,2.01245022179,0.5194585538,0.0931481302823,9.9108225057
873,8.0,-0.984062355326,-1.3164322936,-1.89796137911,149.21230662
874,8.0,1.96890910937,0.243193088811,-1.23227093517,592.889140073
875,8.0,0.277245711043,1.79937176756,0.0279875267026,682.852703412
876,8.0,0.261727198077,-1.09003419647,2.13601475483,-10.4483171759
877,8.0,0.108048494821,-1.46405677207,-1.5676224462,-5.485554312
878,8.0,-0.982931797504,-1.14588065939,1.52436030419,-484.400525667
879,8.0,-1.78610652941,0.961328195683,0.348121440213,-273.669037183
880,8.0,0.637199462436,-2.11063352609,0.627336784123,977.883976049
881,8.0,0.58350017656,1.43543885065,0.129361585877,-191.945292414
882,8.0,0.604719002774,-1.41732203148,-0.250681300958,410.706318752
883,8.0,-0.884313058048,1.27441498444,0.937376589414,-167.857248104
884,8.0,-0.774338183748,-1.20441132565,1.11277976399,73.8515186984
885,8.0,-1.20435021108,-1.19477250639,-0.142230226836,-123.357272365
886,8.0,-0.561242994285,2.15369960941,-0.871735750621,-708.68081232
887,8.0,1.87705010811,-0.926275067044,-1.32530459388,158.898151104
888,8.0,-1.21818070596,0.609180248855,-1.48372116878,-73.5568805156
889,8.0,-0.17409329534,-0.133203081406,-1.74059864056,-25.0084552177
890,8.0,-1.33387390803,-1.11535358667,1.64331497035,-70.5270996838
891,8.0,0.889005194451,0.0413534033864,1.5521906862,-317.614807243
892,8.0,1.68104771307,0.831374512281,-0.79836314793,140.12468645
893,8.0,-0.885944348674,-2.03346637794,-1.16660742334,60.2836050488
894,8.0,2.09119280904,0.527109595067,1.01273183763,-182.945898193
895,8.0,0.272492547821,0.737316185559,-1.48096578346,5.13756595815
896,8.0,1.13743877353,1.42894041763,-0.718441379558,-313.577992205
897,8.0,0.0571170507271,-1.61369631913,0.663447991617,-561.856750136
898,8.0,0.0301485534914,-1.90047031301,-0.933739210373,-9.81371857091
899,8.0,0.704002541908,-2.14517845231,-0.245215959699,-134.581382557
900,8.0,1.12147478991,-0.453530673002,0.741164625692,-256.364387959
901,8.0,-1.83429494665,0.034955933761,1.36511619562,39.6799278189
902,8.0,-0.87781104992,1.08592660125,1.69067618023,582.287351638
903,8.0,-0.963840669883,0.439469748747,1.67565418555,-112.790586093
904,8.0,-0.166187069725,-1.67060260765,-0.407816178188,-851.148726976
905,8.0,-0.901356396409,-2.30661862887,0.163859298061,23.1269042738
906,8.0,-1.33074963846,-1.16561130358,-0.0283247443107,55.2617734813
907,8.0,1.81694995561,0.209994451682,0.790104874783,-108.32842541
908,8.0,-1.35994644572,0.0214486216609,-1.96163865215,244.927309642
909,8.0,-1.32876559944,0.455719049202,1.7257394627,21.6253861038
910,8.0,1.08824362011,-1.82404682385,1.21334407982,519.97403284
911,8.0,0.158210860354,1.09461164526,1.09766586154,-2.59339236487
912,8.0,-2.18531609132,-0.575787870906,-0.727865580422,-996.266414883
913,8.0,-0.171550942872,1.84250582103,1.0633413667,122.736536294
914,8.0,-2.09526231615,0.549224055806,0.291053306713,-745.405612966
915,8.0,1.28817739171,-2.1480698165,0.0686424236238,102.086466766
916,8.0,0.391102488153,-0.936612691341,0.779447354315,579.064260287
917,8.0,0.522290217472,-0.834098789599,1.54486957639,152.294942073
918,8.0,-1.29884863907,0.561254944022,1.45451412548,592.411131226
919,8.0,-0.212069433429,-1.01758332948,-1.08684855683,-37.0502283633
920,8.0,1.61078036936,1.02873003985,-1.46536789723,-1182.76802794
921,8.0,-0.0984561921843,-0.93908738596,-2.00086216375,-80.8596568921
922,9.0,-0.297255032403,-2.116236345,2.00740990387,883.468697215
923,9.0,-1.70989672559,1.80493673632,-0.788084922412,-265.488532814
924,9.0,0.773926998143,1.70122021841,-3.73245536585,141.375320651
925,9.0,-2.67871886822,0.764238370724,-0.909821462439,-48.3055788894
926,9.0,-3.18836712663,2.96157058928,-0.979487894008,-59.6773907826
927,9.0,0.787649131116,4.18896817808,0.902895272777,-457.889350523
928,9.0,-3.01962844509,-3.83800439785,0.0107771276144,-514.251324253
929,9.0,2.83345724173,-0.928158421037,-3.6661230604,526.627407596
930,9.0,1.79388824119,3.01115231806,-0.0757824150913,335.013846844
931,9.0,3.30045322863,2.56253334379,0.421775790021,714.574905848
932,9.0,3.27680732076,-1.18203485557,-1.83819902057,1090.72829391
933,9.0,-2.04286308522,-3.45955176848,2.32025271421,629.012568145
934,9.0,-0.512607401193,2.61610142968,-0.977730351094,-195.51614994
935,9.0,0.493680822816,0.432034017447,-3.94901468281,-57.5878605185
936,9.0,0.00873401453293,3.0172471227,-1.83837912747,9.51158295848
937,9.0,-1.66228884857,1.64777020784,4.0054758533,-136.383394891
938,9.0,-3.96378811446,2.08328990717,-0.805105158551,-40.3027504633
939,9.0,-0.62396314537,4.03962245685,0.473337608168,-390.022073065
940,9.0,-3.00094439658,1.78398734735,-3.27878420638,-139.305857136
941,9.0,3.94303579161,0.802802796804,2.95794289423,-89.430036436
942,9.0,1.53668992596,-3.62692907633,-0.764527851743,616.001653415
943,9.0,-4.70858873623,-0.54133265453,1.20473497323,37.9572993619
944,9.0,2.72127115625,0.510205958555,3.0203341505,-99.9055482638
945,9.0,-1.2866816836,1.31769642285,-4.00050889107,128.902678315
946,9.0,0.812105367338,-0.0133166680128,3.47756249048,155.981345699
947,9.0,-3.29590426118,0.710741512254,-3.52383823075,-1554.23667795
948,9.0,-3.07801139885,-2.21822020562,-0.615209410535,430.700714678
949,9.0,0.333381722457,-3.81261194156,-1.46411684846,-132.382132095
950,9.0,3.63656547326,2.43606051597,2.21263465023,-264.820926419
951,9.0,3.0447255756,-3.3074476842,0.878784500905,8.43228862891
952,9.0,2.17688575826,-3.0161054888,-1.51277436412,-363.981584117
953,9.0,2.86462211362,-0.0332716406861,-4.1043688196,-3.39028162248
954,9.0,-0.947066753765,-3.7456061643,1.65986329991,-501.861350458
955,9.0,-3.60586060853,-2.09089580776,-1.8300820571,433.604087716
956,9.0,-1.4365867966,-4.2460301732,0.171880038888,-178.024619779
957,9.0,0.111797157428,-3.58733793732,1.34350773354,82.4126988674
958,9.0,0.242351192134,3.02472088118,-0.50219675077,494.808138076
959,9.0,-2.48702153543,-4.05871032232,0.0464491885917,257.397199678
960,9.0,-2.81765635906,-2.20601318482,-0.37536515858,3.98656298594
961,9.0,-4.33575861881,1.05032806455,-1.04982714729,7.93036151949
962,9.0,-3.64699260169,-0.876403351749,0.433279229491,0.226818943861
963,9.0,-2.62382718792,-2.55401544061,0.0178089151302,-349.740651484
964,9.0,4.1063631439,2.49719190022,1.31661561926,379.921943538
965,9.0,-1.05909027606,-3.87205592812,-1.89156866852,-625.989596174
966,9.0,-1.18959051042,1.22530105236,-4.54569004951,21.9759983392
967,9.0,-2.60082978665,-0.106590809237,-0.0624176214332,118.527064494
968,9.0,-1.92232836182,-0.781075871848,-2.91620200268,457.945655785
969,9.0,3.21307032008,2.7610285802,1.06177378972,-115.976811976
970,9.0,0.101905698176,2.25683309191,-3.6784576839,-244.964331201
971,9.0,-0.144980728851,0.49436443507,4.29370328143,698.056041743
972,9.0,2.57519243083,-2.05618204166,-2.43671331388,501.874066363
973,9.0,3.85245851463,-0.490016384673,2.72471166747,244.667737435
974,9.0,-4.68051153679,-0.891917040404,-1.21887368006,-686.165084959
975,10.0,-3.68525261696,-3.94847562636,5.70261143887,-481.952914468
976,10.0,7.65339172868,-4.6804361498,4.08812414423,92.6947263444
977,10.0,4.58566760219,4.30675103886,2.25447558314,32.9479641994
978,10.0,-2.88989421046,7.89127004813,-2.39218085781,-1.20020163996
979,10.0,-5.21835367198,5.27497399934,2.232082635,268.191827026
980,10.0,-1.16226065402,3.07200822992,-4.20518145588,132.351236857
981,10.0,5.36421502901,-4.21464702662,-3.70340878041,-573.493423256
982,10.0,-5.90878731545,-2.4013283938,1.61034398402,-13.1297074334
983,10.0,0.379586930366,-3.67155423152,-4.42588959514,44.1055588622
984,10.0,6.71688631511,3.57026906302,1.50216388296,-129.827832604
985,10.0,-2.52712160997,8.01484680894,-1.9400006669,206.445430769
986,10.0,1.42425316659,-1.24501222625,-7.19948664406,25.7771893499
987,10.0,-2.93597350871,-3.00246173486,5.00520391789,276.743098
988,10.0,5.00488016973,-0.177369241784,8.52016886931,-212.600777201
989,10.0,6.99740734893,4.56981111921,-5.3335693108,-54.59115862
990,10.0,3.7223173345,0.288408290351,-7.79600753339,226.949054685
991,10.0,-4.78738842373,-0.847370013209,-7.56272015646,141.650865856
992,10.0,1.56494108844,4.62200968024,5.8044302202,950.010222652
993,10.0,-2.76740538166,2.91894981405,-5.00297609685,125.015614138
